scenario,run,capacity,active_particles,mean_update_ms,p95_update_ms,mean_draw_ms,p95_draw_ms,setup_heap_kb,sample_heap_delta_kb
baseline,1,0,0,0.00011883333333074,0.00020000000011677,9.0499999998624e-05,0.00010000000028043,0,3.5703125
typical,1,128,16,0.00046300000000536,0.000800000000023,0.002811999999998,0.0042000000002318,17.23046875,3.00390625
saturated,1,640,640,0.003478499999973,0.004800000000138,0.082754999999993,0.13000000000041,101.0703125,1.640625
baseline,2,0,0,0.00011400000001919,0.00020000000056086,9.3833333353703e-05,0.00019999999967268,0,0
typical,2,128,16,0.00050000000001956,0.00080000000046709,0.0028140000000576,0.0041999999993436,12.8046875,0
saturated,2,640,640,0.0031653333333281,0.0046999999998576,0.080508833333329,0.12689999999971,89.9921875,0
baseline,3,0,0,0.0001168333332983,0.00020000000056086,9.3000000020993e-05,0.00019999999878451,0,0
typical,3,128,16,0.00050650000000078,0.00089999999985935,0.0027938333333033,0.0040999999999514,12.8046875,0
saturated,3,640,640,0.0034256666666573,0.0052999999979875,0.081955166666647,0.12880000000237,89.9921875,0
baseline,4,0,0,0.00011533333314162,0.00020000000233722,0.000102333333268,0.00019999999878451,0,0.4375
typical,4,128,16,0.00048966666663356,0.00080000000224345,0.0030118333333166,0.0043000000005122,12.8046875,0
saturated,4,640,640,0.0033471666666311,0.005099999999203,0.081257500000067,0.1281000000013,89.9921875,0
baseline,5,0,0,0.00011366666672193,0.00020000000233722,0.00013066666649427,0.00019999999878451,0,0
typical,5,128,16,0.00050683333331136,0.00080000000224345,0.0033198333333632,0.0046000000004653,12.8046875,0
saturated,5,640,640,0.0033696666667223,0.0052000000003716,0.082771333333322,0.13170000000073,92.9296875,0.3515625
