quality,effect,scenario,run,warmup_frames,sample_frames,active_items,capacity,operations_per_frame,mean_update_ms,p95_update_ms,mean_draw_ms,p95_draw_ms,setup_heap_kb,sample_heap_delta_kb,texture_memory_before_kb,texture_memory_after_kb,mode7_shader
low,baseline,baseline,1,30,120,0,0,0,0.00024916666667383,0.00020000000000575,0.0078983333333389,0.013299999999994,0.50390625,9.484375,0,0,0
low,baseline,typical,1,30,120,0,0,0,8.4166666665849e-05,0.00010000000005839,0.0068024999999972,0.0084999999999669,0.25,0.4609375,0,0,0
low,baseline,saturated,1,30,600,0,0,0,9.8666666663953e-05,0.00020000000011677,0.0074173333333287,0.010500000000135,0.25,0.4609375,0,0,0
low,particles,baseline,1,30,120,0,128,0,0.00022416666666987,0.00029999999995312,0.0085000000000224,0.01439999999997,17.51171875,3.31640625,0,0,0
low,particles,typical,1,30,120,16,128,0,0.00046333333333,0.00059999999990623,0.0097383333333571,0.015100000000157,13.1484375,3.31640625,0,0,0
low,particles,saturated,1,30,600,128,128,0,0.00093216666666655,0.0010999999999761,0.023091666666672,0.033599999999634,22.875,0.4609375,0,0,0
low,screen_fx,baseline,1,30,120,0,4,0,0.00027166666667355,0.00030000000084129,0.0081458333332692,0.011300000000602,1.453125,3.31640625,0,0,0
low,screen_fx,typical,1,30,120,1,4,1,0.00037083333333706,0.00050000000051398,0.029814999999974,0.041200000000075,27.8046875,7.30859375,0,225,0
low,screen_fx,saturated,1,30,600,4,4,4,0.00067049999998995,0.00059999999990623,0.030851333333327,0.039699999999421,20.5859375,4.31640625,0,225,0
low,pixel_deform,baseline,1,30,120,0,32,0,0.0003533333333768,0.00040000000023355,0.0070999999999562,0.010699999999808,1.171875,3.8671875,0,0,0
low,pixel_deform,typical,1,30,120,32,32,32,0.00029333333335657,0.00040000000023355,0.00816000000002,0.011500000000275,1.171875,2.4375,0,0,0
low,pixel_deform,saturated,1,30,600,32,32,32,0.00031616666667252,0.00040000000023355,0.0082386666666541,0.011899999999621,1.171875,3.0859375,0,0,0
low,palette_fx,baseline,1,30,120,0,32,0,0.00050166666662281,0.0004999999996258,0.0069566666666502,0.0095000000008838,1.296875,5.33984375,0,0,0
low,palette_fx,typical,1,30,120,32,32,32,0.00036166666676311,0.00050000000051398,0.0073083333333113,0.008799999999809,5.43359375,3.31640625,0,0,0
low,palette_fx,saturated,1,30,600,32,32,32,0.00039600000004765,0.00050000000051398,0.0074785000000184,0.0093000000003229,2.85546875,2.0703125,0,0,0
low,pseudo3d,baseline,1,30,120,0,8,0,0.00034999999997491,0.00050000000051398,0.0063625000000567,0.0075000000006042,3.828125,3.31640625,0,0,0
low,pseudo3d,typical,1,30,120,1,8,24,0.00069500000005422,0.00089999999985935,0.024428333333345,0.044199999999606,56.2421875,50.31640625,0,16,1
low,pseudo3d,saturated,1,30,600,8,8,24,0.00077633333333734,0.0011000000004202,0.024992999999937,0.032100000000312,9.6953125,189.8828125,16,16,1
low,flames,baseline,1,30,120,0,128,0,0.00042249999990437,0.00050000000051398,0.0071874999999721,0.010500000000135,14.24609375,3.31640625,16,16,0
low,flames,typical,1,30,120,8,128,0,0.00055833333344838,0.00080000000046709,0.0087649999999921,0.013199999999713,12.078125,3.31640625,16,16,0
low,flames,saturated,1,30,600,128,128,0,0.0010908333333533,0.0015999999991578,0.023308166666718,0.037600000000637,22.65625,0.4609375,16,16,0
low,electricity,baseline,1,30,120,0,96,0,0.00038749999986543,0.00050000000051398,0.0085216666666573,0.01179999999934,11.10546875,3.31640625,16,16,0
low,electricity,typical,1,30,120,12,96,0,0.00055083333324231,0.00069999999929848,0.020771666666608,0.029900000001248,9.4609375,3.31640625,16,16,0
low,electricity,saturated,1,30,600,96,96,0,0.00068033333334346,0.00089999999985935,0.098328833333312,0.11770000000055,16.5546875,0.4609375,16,16,0
low,baseline,baseline,2,30,120,0,0,0,9.1666666657275e-05,0.00010000000116861,0.0081158333334071,0.010900000001257,0.25,0.4609375,16,16,0
low,baseline,typical,2,30,120,0,0,0,9.6666666612085e-05,0.00010000000116861,0.007562499999958,0.0088000000015853,0.25,0.4609375,16,16,0
low,baseline,saturated,2,30,600,0,0,0,9.6166666638808e-05,0.00019999999878451,0.0074164999999719,0.010299999999575,0.25,0.4609375,16,16,0
low,particles,baseline,2,30,120,0,128,0,0.00021000000014482,0.00029999999995312,0.0074408333333646,0.010400000000743,13.578125,0.4609375,16,16,0
low,particles,typical,2,30,120,16,128,0,0.00048249999983578,0.00070000000107484,0.010401666666571,0.015399999998778,13.1484375,0.4609375,16,16,0
low,particles,saturated,2,30,600,128,128,0,0.00098916666665616,0.0014000000021497,0.023643000000018,0.036700000002554,13.3046875,0.4609375,16,16,0
low,screen_fx,baseline,2,30,120,0,4,0,0.00025916666676432,0.00030000000350583,0.0076200000000526,0.010899999999481,6.51171875,0.4609375,16,16,0
low,screen_fx,typical,2,30,120,1,4,1,0.00033500000000686,0.00040000000112173,0.025904166666753,0.031599999999798,27.7578125,0.4609375,16,241,0
low,screen_fx,saturated,2,30,600,4,4,4,0.00046799999995055,0.00059999999990623,0.030313499999958,0.037700000000029,22.6328125,0.4609375,16,241,0
low,pixel_deform,baseline,2,30,120,0,32,0,0.00030749999998155,0.00040000000112173,0.0065574999999522,0.0075999999999965,1.171875,0.4609375,16,16,0
low,pixel_deform,typical,2,30,120,32,32,32,0.00030750000009997,0.00040000000112173,0.0084283333335063,0.011700000001724,1.7578125,0.4609375,16,16,0
low,pixel_deform,saturated,2,30,600,32,32,32,0.00031283333328247,0.00040000000112173,0.0084740000000139,0.012000000001677,6.0234375,0.4609375,16,16,0
low,palette_fx,baseline,2,30,120,0,32,0,0.00040666666656364,0.00050000000229034,0.008108333333053,0.015700000002283,1.296875,0.4609375,16,16,0
low,palette_fx,typical,2,30,120,32,32,32,0.00035250000009294,0.00049999999873762,0.0071900000000014,0.0093000000020993,2.3125,0.4609375,16,16,0
low,palette_fx,saturated,2,30,600,32,32,32,0.00038666666660821,0.00050000000229034,0.0081548333332767,0.011699999998172,3.30859375,0.4609375,16,16,0
low,pseudo3d,baseline,2,30,120,0,8,0,0.00038166666653794,0.00049999999873762,0.0075716666669538,0.010500000001912,3.828125,0.4609375,16,16,0
low,pseudo3d,typical,2,30,120,1,8,24,0.00077333333331116,0.0011999999998125,0.023034999999923,0.030800000001108,10.16015625,38.2734375,16,16,1
low,pseudo3d,saturated,2,30,600,8,8,24,0.00080349999999285,0.0010999999986439,0.02625016666667,0.038799999998673,10.38671875,188.2734375,16,16,1
low,flames,baseline,2,30,120,0,128,0,0.00035750000003295,0.00049999999873762,0.0075008333334736,0.0083000000010713,11.921875,0.4609375,16,16,0
low,flames,typical,2,30,120,8,128,0,0.00053916666675017,0.00060000000345894,0.0086433333333839,0.011100000001818,12.078125,0.4609375,16,16,0
low,flames,saturated,2,30,600,128,128,0,0.0010436666666299,0.0011999999998125,0.023009166666708,0.033399999999517,14.06640625,0.4609375,16,16,0
low,electricity,baseline,2,30,120,0,96,0,0.00040416666656403,0.00050000000229034,0.0085774999999029,0.014000000000181,9.3515625,0.4609375,16,16,0
low,electricity,typical,2,30,120,12,96,0,0.00055583333316752,0.00070000000107484,0.02099416666678,0.030999999999892,9.4609375,0.4609375,16,16,0
low,electricity,saturated,2,30,600,96,96,0,0.00062749999998483,0.00080000000224345,0.092883333333352,0.1205000000013,10.5859375,0.4609375,16,16,0
low,baseline,baseline,3,30,120,0,0,0,8.9999999867511e-05,0.00010000000116861,0.0068733333333348,0.0083999999986872,0.25,0.4609375,16,16,0
low,baseline,typical,3,30,120,0,0,0,9.2500000103968e-05,0.00010000000116861,0.0074475000002276,0.010799999998312,0.25,0.4609375,16,16,0
low,baseline,saturated,3,30,600,0,0,0,9.0833333228346e-05,0.00010000000116861,0.0075861666666673,0.011100000001818,0.25,0.4609375,16,16,0
low,particles,baseline,3,30,120,0,128,0,0.00021083333339907,0.00029999999995312,0.0075458333331113,0.010699999997144,12.9921875,0.4609375,16,16,0
low,particles,typical,3,30,120,16,128,0,0.00048416666646271,0.00080000000224345,0.0095350000000494,0.013100000000321,13.1484375,0.4609375,16,16,0
low,particles,saturated,3,30,600,128,128,0,0.0011246666665699,0.0010999999986439,0.023147499999882,0.034099999993487,13.3046875,0.4609375,16,16,0
low,screen_fx,baseline,3,30,120,0,4,0,0.00028666666658239,0.00039999999756901,0.0076125000004978,0.0095999999984997,1.296875,0.4609375,16,16,0
low,screen_fx,typical,3,30,120,1,4,1,0.00038166666692282,0.00049999999873762,0.026933333333427,0.035300000000404,27.7578125,0.4609375,16,241,0
low,screen_fx,saturated,3,30,600,4,4,4,0.00047399999990224,0.00059999999990623,0.030856500000027,0.040200000000823,20.5859375,0.4609375,16,241,0
low,pixel_deform,baseline,3,30,120,0,32,0,0.00047749999936286,0.00039999999756901,0.0068925000001367,0.0099999999960687,1.171875,0.4609375,16,16,0
low,pixel_deform,typical,3,30,120,32,32,32,0.00031416666678534,0.00040000000467444,0.0089974999999853,0.012200000000462,1.171875,0.4609375,16,16,0
low,pixel_deform,saturated,3,30,600,32,32,32,0.00030416666664479,0.00040000000467444,0.0081679999999551,0.01060000000308,1.0625,0.4609375,16,16,0
low,palette_fx,baseline,3,30,120,0,32,0,0.00036333333331603,0.00049999999873762,0.0066858333327128,0.0088000000033617,1.296875,0.4609375,16,16,0
low,palette_fx,typical,3,30,120,32,32,32,0.00036416666659989,0.00049999999873762,0.0075391666670181,0.0093000000020993,4.0703125,0.4609375,16,16,0
low,palette_fx,saturated,3,30,600,32,32,32,0.00044216666669428,0.00049999999873762,0.0076619999999987,0.011199999995881,3.74609375,0.4609375,16,16,0
low,pseudo3d,baseline,3,30,120,0,8,0,0.00036083333304996,0.00049999999873762,0.0075125000002174,0.013299999999106,3.828125,0.4609375,16,16,0
low,pseudo3d,typical,3,30,120,1,8,24,0.00075999999982201,0.0010999999986439,0.022810833333449,0.028199999995593,9.12890625,38.2734375,16,16,1
low,pseudo3d,saturated,3,30,600,8,8,24,0.00076750000001624,0.0010999999986439,0.025033000000162,0.034999999996899,9.6953125,188.2734375,16,16,1
low,flames,baseline,3,30,120,0,128,0,0.00035833333337602,0.00049999999873762,0.0084991666666312,0.022300000004805,11.921875,0.4609375,16,16,0
low,flames,typical,3,30,120,8,128,0,0.00058666666689078,0.00069999999396941,0.0085133333335818,0.012500000003968,17.6875,0.4609375,16,16,0
low,flames,saturated,3,30,600,128,128,0,0.0012285000000626,0.0014999999962129,0.02265633333329,0.034900000002835,13.42578125,0.4609375,16,16,0
low,electricity,baseline,3,30,120,0,96,0,0.00040749999972907,0.00050000000584305,0.0078475000000466,0.011600000000556,9.3515625,0.4609375,16,16,0
low,electricity,typical,3,30,120,12,96,0,0.00056250000006012,0.00070000000107484,0.02016166666697,0.028799999995499,9.4609375,0.4609375,16,16,0
low,electricity,saturated,3,30,600,96,96,0,0.00065200000008758,0.00080000000224345,0.09439600000011,0.10979999999705,15.14453125,0.4609375,16,16,0
low,baseline,baseline,4,30,120,0,0,0,9.0833333092159e-05,0.00019999999523179,0.006736666666877,0.0079999999940128,0.25,0.88671875,16,16,0
low,baseline,typical,4,30,120,0,0,0,8.4166666466009e-05,0.00010000000116861,0.0072291666668297,0.010099999997237,0.25,0.4609375,16,16,0
low,baseline,saturated,4,30,600,0,0,0,8.9833333258108e-05,0.00010000000116861,0.0068514999999654,0.0095999999984997,0.25,1.11328125,16,16,0
low,particles,baseline,4,30,120,0,128,0,0.00040750000014356,0.00030000000350583,0.0069375000001296,0.0083000000046241,14.66015625,0.4609375,16,16,0
low,particles,typical,4,30,120,16,128,0,0.00044833333371723,0.00050000000584305,0.0096149999998592,0.011600000000556,16.51953125,0.4609375,16,16,0
low,particles,saturated,4,30,600,128,128,0,0.0010025000000743,0.0015999999973815,0.023390833333311,0.033000000001948,14.9140625,0.4609375,16,16,0
low,screen_fx,baseline,4,30,120,0,4,0,0.00030083333347382,0.00040000000467444,0.0085449999999672,0.011700000001724,1.296875,0.4609375,16,16,0
low,screen_fx,typical,4,30,120,1,4,1,0.00039333333283764,0.00050000000584305,0.026725833333015,0.033999999999423,27.7578125,0.4609375,16,241,0
low,screen_fx,saturated,4,30,600,4,4,4,0.00046133333338361,0.00059999999990623,0.030098833333139,0.037299999995355,20.5859375,0.4609375,16,241,0
low,pixel_deform,baseline,4,30,120,0,32,0,0.00031666666681455,0.00039999999756901,0.0067699999995933,0.0082999999975186,1.171875,0.80859375,16,16,0
low,pixel_deform,typical,4,30,120,32,32,32,0.00034666666639538,0.00040000000467444,0.0078225000002874,0.010299999999575,1.171875,0.4609375,16,16,0
low,pixel_deform,saturated,4,30,600,32,32,32,0.00030549999997002,0.00040000000467444,0.0081093333333015,0.010400000000743,1.0625,0.4609375,16,16,0
low,palette_fx,baseline,4,30,120,0,32,0,0.00033916666725512,0.00040000000467444,0.0070299999996711,0.0099000000020055,1.296875,0.4609375,16,16,0
low,palette_fx,typical,4,30,120,32,32,32,0.0003574999997961,0.00049999999873762,0.0075141666662522,0.010899999999481,2.3125,0.4609375,16,16,0
low,palette_fx,saturated,4,30,600,32,32,32,0.00037650000010103,0.00049999999873762,0.0076689999999739,0.011499999999387,2.3125,0.4609375,16,16,0
low,pseudo3d,baseline,4,30,120,0,8,0,0.00037249999937927,0.00049999999873762,0.0069158333333874,0.0088999999974249,3.828125,0.4609375,16,16,0
low,pseudo3d,typical,4,30,120,1,8,24,0.00081416666670719,0.00099999999747524,0.023236666666667,0.032799999999611,8.7109375,38.2734375,16,16,1
low,pseudo3d,saturated,4,30,600,8,8,24,0.00079816666657943,0.0010000000045807,0.025083333333408,0.033200000004285,11.90234375,188.2734375,16,16,1
low,flames,baseline,4,30,120,0,128,0,0.00039500000017512,0.00059999999990623,0.0072841666670579,0.0090999999997621,15.64453125,0.4609375,16,16,0
low,flames,typical,4,30,120,8,128,0,0.00062583333306776,0.00079999999513802,0.0087758333330967,0.010199999998406,15.17578125,0.4609375,16,16,0
low,flames,saturated,4,30,600,128,128,0,0.0011813333332711,0.0015000000033183,0.023640166666515,0.037100000000123,12.546875,0.4609375,16,16,0
low,electricity,baseline,4,30,120,0,96,0,0.00054999999991405,0.00049999999873762,0.0076949999999817,0.011000000000649,9.609375,0.4609375,16,16,0
low,electricity,typical,4,30,120,12,96,0,0.00056083333313713,0.00070000000107484,0.019942499999992,0.02669999999938,13.26171875,0.4609375,16,16,0
low,electricity,saturated,4,30,600,96,96,0,0.00068749999985111,0.00080000000224345,0.092338333333484,0.10749999999859,17.38671875,0.4609375,16,16,0
low,baseline,baseline,5,30,120,0,0,0,8.9166666702075e-05,0.00010000000116861,0.007954999999645,0.021499999995456,0.25,0.93359375,16,16,0
low,baseline,typical,5,30,120,0,0,0,8.7500000489626e-05,0.00010000000116861,0.0067941666669569,0.010099999997237,0.25,0.91015625,16,16,0
low,baseline,saturated,5,30,600,0,0,0,8.883333323458e-05,0.00010000000116861,0.0072314999999179,0.010599999995975,0.25,0.4609375,16,16,0
low,particles,baseline,5,30,120,0,128,0,0.00020916666686096,0.00030000000350583,0.0073116666667872,0.011200000002987,12.9921875,0.4609375,16,16,0
low,particles,typical,5,30,120,16,128,0,0.00048666666684719,0.00070000000107484,0.0093641666667329,0.012200000000462,13.1484375,0.4609375,16,16,0
low,particles,saturated,5,30,600,128,128,0,0.00090316666669329,0.0011999999998125,0.022320333333177,0.033099999996011,15.890625,0.73046875,16,16,0
low,screen_fx,baseline,5,30,120,0,4,0,0.00030166666598793,0.00039999999756901,0.0081608333336665,0.0095999999984997,1.296875,0.4609375,16,16,0
low,screen_fx,typical,5,30,120,1,4,1,0.0003666666666291,0.00049999999873762,0.026389166666381,0.03179999999503,27.7578125,0.4609375,16,241,0
low,screen_fx,saturated,5,30,600,4,4,4,0.00050483333332352,0.00060000000701166,0.031128333333316,0.040200000000823,20.5859375,0.4609375,16,241,0
low,pixel_deform,baseline,5,30,120,0,32,0,0.00032249999920945,0.00040000000467444,0.006853333333486,0.0076000000035492,1.171875,0.4609375,16,16,0
low,pixel_deform,typical,5,30,120,32,32,32,0.00033666666610088,0.00040000000467444,0.0091658333335687,0.012099999992188,1.171875,0.4609375,16,16,0
low,pixel_deform,saturated,5,30,600,32,32,32,0.00032916666675931,0.00040000000467444,0.0084458333330417,0.011399999991113,1.0625,0.73046875,16,16,0
low,palette_fx,baseline,5,30,120,0,32,0,0.0005358333319568,0.00049999999873762,0.0073624999997672,0.010699999990038,1.296875,0.4609375,16,16,0
low,palette_fx,typical,5,30,120,32,32,32,0.00037916666701202,0.00049999999873762,0.0083633333328947,0.010699999990038,2.3125,0.4609375,16,16,0
low,palette_fx,saturated,5,30,600,32,32,32,0.00038599999993968,0.00049999999873762,0.0081953333331815,0.011099999994713,4.35546875,0.73046875,16,16,0
low,pseudo3d,baseline,5,30,120,0,8,0,0.00038250000002904,0.00049999999873762,0.007017500000354,0.0084999999927504,3.828125,0.4609375,16,16,0
low,pseudo3d,typical,5,30,120,1,8,24,0.00094083333325538,0.00099999999747524,0.023335833333367,0.029999999995312,9.81640625,38.2734375,16,16,1
low,pseudo3d,saturated,5,30,600,8,8,24,0.0007783333335946,0.00099999999747524,0.024401333333159,0.032599999997274,10.7734375,188.2734375,16,16,1
low,flames,baseline,5,30,120,0,128,0,0.00034250000003529,0.00049999999873762,0.0071166666670545,0.0080000000082237,11.921875,0.4609375,16,16,0
low,flames,typical,5,30,120,8,128,0,0.00054833333346475,0.00070000000107484,0.0085383333335187,0.010000000003174,12.078125,0.4609375,16,16,0
low,flames,saturated,5,30,600,128,128,0,0.00106416666668,0.0013000000080865,0.022692166666711,0.034900000002835,15.5078125,0.73046875,16,16,0
low,electricity,baseline,5,30,120,0,96,0,0.00036083333358287,0.00049999999873762,0.0074100000001446,0.0094999999902257,9.3515625,0.4609375,16,16,0
low,electricity,typical,5,30,120,12,96,0,0.00057666666701076,0.00070000000107484,0.020464166667248,0.030499999994049,9.4609375,0.4609375,16,16,0
low,electricity,saturated,5,30,600,96,96,0,0.00063683333306604,0.00079999999513802,0.092544166666618,0.11669999999242,11.26171875,0.73046875,16,16,0
medium,baseline,baseline,1,30,120,0,0,0,8.6666667087343e-05,0.00020000000233722,0.0072008333334613,0.010399999993638,0.25,0.4609375,16,16,0
medium,baseline,typical,1,30,120,0,0,0,0.0001016666660784,0.00020000000233722,0.0071791666673704,0.0098000000008369,0.25,0.4609375,16,16,0
medium,baseline,saturated,1,30,600,0,0,0,0.00010716666669926,0.00020000000233722,0.0073778333333271,0.010400000007849,0.25,0.4609375,16,16,0
medium,particles,baseline,1,30,120,0,320,0,0.0002700000004315,0.00049999999873762,0.0075758333335803,0.0093999999961625,45.9921875,0.4609375,16,16,0
medium,particles,typical,1,30,120,16,320,0,0.00049333333400625,0.00060000000701166,0.010610833331744,0.012900000001537,46.1484375,1.11328125,16,16,0
medium,particles,saturated,1,30,600,320,320,0,0.0018664999995129,0.0021999999972877,0.04633600000003,0.067999999998847,48.6484375,0.93359375,16,16,0
medium,screen_fx,baseline,1,30,120,0,8,0,0.00029083333347539,0.00039999999046358,0.0078566666665836,0.0089000000116357,1.296875,0.4609375,16,16,0
medium,screen_fx,typical,1,30,120,1,8,1,0.00042166666697578,0.00049999999873762,0.028087500000022,0.042199999995773,27.7578125,0.4609375,16,241,0
medium,screen_fx,saturated,1,30,600,8,8,8,0.00047783333288957,0.00060000000701166,0.035741833333513,0.048399999997173,21.6171875,3.31640625,16,241,0
medium,pixel_deform,baseline,1,30,120,0,128,0,0.00032333333332228,0.00040000000467444,0.0066541666673932,0.0076999999976124,1.171875,1.11328125,16,16,0
medium,pixel_deform,typical,1,30,120,128,128,128,0.00029750000021996,0.00040000000467444,0.010658333333069,0.012900000001537,1.171875,0.93359375,16,16,0
medium,pixel_deform,saturated,1,30,600,128,128,128,0.00033816666710133,0.00040000000467444,0.011339666666667,0.015400000009436,1.0625,0.4609375,16,16,0
medium,palette_fx,baseline,1,30,120,0,128,0,0.00098416666638457,0.00070000000107484,0.0079333333330804,0.010599999995975,4.3359375,0.4609375,16,16,0
medium,palette_fx,typical,1,30,120,128,128,128,0.00033916666618931,0.00049999999873762,0.0080591666665223,0.010200000005511,2.84765625,0.4609375,16,16,0
medium,palette_fx,saturated,1,30,600,128,128,128,0.00038066666661507,0.00049999999873762,0.008750833333527,0.013199999997937,2.3125,0.4609375,16,16,0
medium,pseudo3d,baseline,1,30,120,0,16,0,0.00034499999976845,0.00049999999873762,0.007412500000233,0.0095000000044365,6.39453125,0.4609375,16,16,0
medium,pseudo3d,typical,1,30,120,1,16,48,0.00082333333265202,0.00099999999747524,0.024080000000855,0.029400000002511,16.56640625,38.2734375,16,16,1
medium,pseudo3d,saturated,1,30,600,16,16,48,0.00081350000028143,0.00099999999747524,0.029584000000161,0.039799999996148,18.26171875,188.2734375,16,16,1
medium,flames,baseline,1,30,120,0,256,0,0.00034416666695828,0.00040000000467444,0.007466666665934,0.010799999998312,21.921875,0.4609375,16,16,0
medium,flames,typical,1,30,120,8,256,0,0.00057749999993935,0.00070000000107484,0.008712499999793,0.013100000003874,22.078125,1.11328125,16,16,0
medium,flames,saturated,1,30,600,256,256,0,0.0017350000006644,0.0023999999996249,0.038587166666678,0.059199999995485,22.546875,0.93359375,16,16,0
medium,electricity,baseline,1,30,120,0,192,0,0.00039416666623993,0.00049999999873762,0.0084516666669051,0.014800000002424,20.6328125,0.4609375,16,16,0
medium,electricity,typical,1,30,120,15,192,0,0.00056333333304792,0.00070000000107484,0.023329166665912,0.036599999987175,16.86328125,1.11328125,16,16,0
medium,electricity,saturated,1,30,600,192,192,0,0.00080799999961319,0.00099999999747524,0.17908683333322,0.21399999999971,17.6015625,0.93359375,16,16,0
medium,baseline,baseline,2,30,120,0,0,0,9.9999999865948e-05,0.00020000000233722,0.0076816666664333,0.010299999999575,0.25,0.4609375,16,16,0
medium,baseline,typical,2,30,120,0,0,0,9.000000045963e-05,0.00010000000827404,0.0077049999994472,0.01469999999415,0.25,0.4609375,16,16,0
medium,baseline,saturated,2,30,600,0,0,0,9.1499999825828e-05,0.00010000000827404,0.0076556666666742,0.013300000006211,0.25,0.4609375,16,16,0
medium,particles,baseline,2,30,120,0,320,0,0.00022083333253894,0.00030000001061126,0.0076724999997187,0.011400000005324,45.9921875,0.4609375,16,16,0
medium,particles,typical,2,30,120,16,320,0,0.00051750000018558,0.00060000000701166,0.0094566666657414,0.011999999998125,46.1484375,0.91015625,16,16,0
medium,particles,saturated,2,30,600,320,320,0,0.0018088333335461,0.0020000000091613,0.043979666666303,0.05649999999946,46.3046875,0.4609375,16,16,0
medium,screen_fx,baseline,2,30,120,0,8,0,0.00026916666608183,0.00039999999046358,0.0074666666672366,0.0092000000080361,1.296875,0.4609375,16,16,0
medium,screen_fx,typical,2,30,120,1,8,1,0.00038583333233551,0.00049999999873762,0.02709749999994,0.034999999996899,27.7578125,0.4609375,16,241,0
medium,screen_fx,saturated,2,30,600,8,8,8,0.00044249999985387,0.0005999999928008,0.034072499999619,0.043900000008534,21.6171875,0.4609375,16,241,0
medium,pixel_deform,baseline,2,30,120,0,128,0,0.00030083333323698,0.00040000000467444,0.0065683333338266,0.0076999999976124,1.171875,0.91015625,16,16,0
medium,pixel_deform,typical,2,30,120,128,128,128,0.00028749999986625,0.00040000000467444,0.010738333334241,0.015400000009436,1.171875,0.4609375,16,16,0
medium,pixel_deform,saturated,2,30,600,128,128,128,0.00039166666629361,0.00040000000467444,0.01102300000016,0.015500000003499,1.0625,0.4609375,16,16,0
medium,palette_fx,baseline,2,30,120,0,128,0,0.00040083333333977,0.00049999999873762,0.0079483333329004,0.0095000000044365,5.5546875,0.4609375,16,16,0
medium,palette_fx,typical,2,30,120,128,128,128,0.00038000000017746,0.00049999999873762,0.0093141666663854,0.011499999999387,3.55859375,0.4609375,16,16,0
medium,palette_fx,saturated,2,30,600,128,128,128,0.00039666666663625,0.00049999999873762,0.0092638333331507,0.013199999997937,2.3125,0.4609375,16,16,0
medium,pseudo3d,baseline,2,30,120,0,16,0,0.00048083333344569,0.00079999999513802,0.0079408333339378,0.012400000002799,5.75,0.4609375,16,16,0
medium,pseudo3d,typical,2,30,120,1,16,48,0.00088750000012775,0.0012999999938756,0.027004166666581,0.03900000000101,20.48046875,38.2734375,16,16,1
medium,pseudo3d,saturated,2,30,600,16,16,48,0.0008811666665783,0.0011000000057493,0.031393166666594,0.042199999995773,17.23828125,188.2734375,16,16,1
medium,flames,baseline,2,30,120,0,256,0,0.00037666666562094,0.00049999999873762,0.007620833332922,0.008999999991488,21.921875,0.4609375,16,16,0
medium,flames,typical,2,30,120,8,256,0,0.0005591666660365,0.00070000000107484,0.00871333333284,0.0129999999956,22.078125,0.91015625,16,16,0
medium,flames,saturated,2,30,600,256,256,0,0.0016706666663661,0.0019000000008873,0.037740666666816,0.052199999998948,22.546875,0.4609375,16,16,0
medium,electricity,baseline,2,30,120,0,192,0,0.00041250000014278,0.00049999999873762,0.0073683333328726,0.010799999998312,16.3515625,0.4609375,16,16,0
medium,electricity,typical,2,30,120,15,192,0,0.00058416666644708,0.00070000000107484,0.023317500000412,0.029999999995312,16.4609375,0.91015625,16,16,0
medium,electricity,saturated,2,30,600,192,192,0,0.00085266666644657,0.00090000000341206,0.17138100000006,0.19880000000683,18.95703125,0.4609375,16,16,0
medium,baseline,baseline,3,30,120,0,0,0,9.2499999955938e-05,0.00020000000233722,0.006675833333721,0.0077000000118232,0.25,0.4609375,16,16,0
medium,baseline,typical,3,30,120,0,0,0,9.1666667264197e-05,0.00020000000233722,0.0072674999998412,0.01129999999705,0.25,0.4609375,16,16,0
medium,baseline,saturated,3,30,600,0,0,0,8.4999999998558e-05,0.00010000000827404,0.006913166666583,0.0086000000010245,4.8359375,0.4609375,16,16,0
medium,particles,baseline,3,30,120,0,320,0,0.00021083333325104,0.0002999999964004,0.0068400000009442,0.0095999999984997,45.9921875,0.4609375,16,16,0
medium,particles,typical,3,30,120,16,320,0,0.00044999999969283,0.00070000000107484,0.010155000000841,0.014800000002424,46.6015625,0.4609375,16,16,0
medium,particles,saturated,3,30,600,320,320,0,0.0019346666666327,0.0027999999900885,0.044463666667056,0.059500000006096,46.3046875,0.4609375,16,16,0
medium,screen_fx,baseline,3,30,120,0,8,0,0.00026249999874513,0.00039999999046358,0.0076541666670001,0.010600000010186,1.296875,0.4609375,16,16,0
medium,screen_fx,typical,3,30,120,1,8,1,0.00038833333348975,0.00049999999873762,0.027028333332524,0.035099999990962,27.7578125,0.4609375,16,241,0
medium,screen_fx,saturated,3,30,600,8,8,8,0.00060349999972213,0.0005999999928008,0.035070333333162,0.04350000000386,21.6171875,0.4609375,16,241,0
medium,pixel_deform,baseline,3,30,120,0,128,0,0.00031583333400439,0.00040000000467444,0.0071766666668083,0.010299999999575,1.171875,0.4609375,16,16,0
medium,pixel_deform,typical,3,30,120,128,128,128,0.00029333333261642,0.00040000000467444,0.011408333332123,0.016599999995037,1.171875,0.4609375,16,16,0
medium,pixel_deform,saturated,3,30,600,128,128,128,0.00031933333327553,0.00040000000467444,0.011474666667131,0.0163999999927,1.0625,0.4609375,16,16,0
medium,palette_fx,baseline,3,30,120,0,128,0,0.00034083333334915,0.00040000000467444,0.0066783333330989,0.0076999999976124,1.1875,0.4609375,16,16,0
medium,palette_fx,typical,3,30,120,128,128,128,0.00032749999903103,0.00040000000467444,0.0083358333333431,0.0093000000020993,10.19921875,0.4609375,16,16,0
medium,palette_fx,saturated,3,30,600,128,128,128,0.00035549999995036,0.00040000000467444,0.008591499999658,0.012299999994525,3.2421875,0.4609375,16,16,0
medium,pseudo3d,baseline,3,30,120,0,16,0,0.00034583333423654,0.00040000000467444,0.0068541666668883,0.0083000000046241,5.53125,0.4609375,16,16,0
medium,pseudo3d,typical,3,30,120,1,16,48,0.00080666666673797,0.00090000000341206,0.026011666667358,0.033500000000686,14.3671875,38.2734375,16,16,1
medium,pseudo3d,saturated,3,30,600,16,16,48,0.00083833333270888,0.00099999999747524,0.029725999999476,0.039499999999748,17.0625,188.2734375,16,16,1
medium,flames,baseline,3,30,120,0,256,0,0.00032249999968315,0.00040000000467444,0.0070516666664133,0.0092000000080361,21.921875,0.4609375,16,16,0
medium,flames,typical,3,30,120,8,256,0,0.00050499999974344,0.00070000000107484,0.0086375000005745,0.010700000004249,22.078125,0.4609375,16,16,0
medium,flames,saturated,3,30,600,256,256,0,0.0018731666667075,0.0019000000008873,0.038098833332991,0.050600000008671,22.546875,0.4609375,16,16,0
medium,electricity,baseline,3,30,120,0,192,0,0.00050750000054241,0.00049999999873762,0.0074700000003721,0.010500000001912,16.3515625,0.4609375,16,16,0
medium,electricity,typical,3,30,120,15,192,0,0.0005716666677813,0.00060000000701166,0.022326666666809,0.027299999999286,16.4609375,0.4609375,16,16,0
medium,electricity,saturated,3,30,600,192,192,0,0.00074133333316221,0.00090000000341206,0.17665900000021,0.19530000000145,17.6015625,0.4609375,16,16,0
medium,baseline,baseline,4,30,120,0,0,0,9.8333333890347e-05,0.00019999998812636,0.0065600000006327,0.0076000000035492,0.25,0.4609375,16,16,0
medium,baseline,typical,4,30,120,0,0,0,8.916666812316e-05,0.00010000000827404,0.0072116666656778,0.010299999999575,1.6484375,0.4609375,16,16,0
medium,baseline,saturated,4,30,600,0,0,0,9.3000000044678e-05,0.00010000000827404,0.0069420000000046,0.0098000000008369,0.25,0.4609375,16,16,0
medium,particles,baseline,4,30,120,0,320,0,0.00021083333348789,0.0002999999964004,0.0070099999993782,0.0087000000092985,45.9921875,0.4609375,16,16,0
medium,particles,typical,4,30,120,16,320,0,0.00063749999957471,0.00060000000701166,0.0095583333333593,0.012699999999199,46.1484375,0.4609375,16,16,0
medium,particles,saturated,4,30,600,320,320,0,0.0020881666664015,0.0023000000055617,0.045063499999856,0.05480000000091,46.3046875,0.4609375,16,16,0
medium,screen_fx,baseline,4,30,120,0,8,0,0.00032416666684298,0.00040000000467444,0.0077100000008083,0.010900000006586,1.296875,0.4609375,16,16,0
medium,screen_fx,typical,4,30,120,1,8,1,0.0003858333332829,0.00049999999873762,0.026971666665669,0.031300000003398,27.7578125,0.4609375,16,241,0
medium,screen_fx,saturated,4,30,600,8,8,8,0.00045366666673393,0.0005999999928008,0.035097833333685,0.042199999995773,23.109375,0.4609375,16,241,0
medium,pixel_deform,baseline,4,30,120,0,128,0,0.00032416666696141,0.00040000000467444,0.0067841666663071,0.0088999999974249,1.171875,0.4609375,16,16,0
medium,pixel_deform,typical,4,30,120,128,128,128,0.00029750000021996,0.00040000000467444,0.010625833333341,0.013799999990738,1.171875,0.4609375,16,16,0
medium,pixel_deform,saturated,4,30,600,128,128,128,0.00031533333341827,0.00040000000467444,0.010556999999783,0.015300000001162,1.0625,0.4609375,16,16,0
medium,palette_fx,baseline,4,30,120,0,128,0,0.00033500000059898,0.00040000000467444,0.0065733333348324,0.0085000000069613,1.1875,0.4609375,16,16,0
medium,palette_fx,typical,4,30,120,128,128,128,0.000345833333526,0.00040000000467444,0.0083558333346427,0.012300000008736,2.203125,0.4609375,16,16,0
medium,palette_fx,saturated,4,30,600,128,128,128,0.00035866666673693,0.00049999999873762,0.0082408333334646,0.010500000001912,2.3125,0.4609375,16,16,0
medium,pseudo3d,baseline,4,30,120,0,16,0,0.00036333333307918,0.00049999999873762,0.0067308333337716,0.0095000000044365,6.625,0.4609375,16,16,0
medium,pseudo3d,typical,4,30,120,1,16,48,0.00084250000031242,0.00099999999747524,0.023879999999939,0.031899999996199,14.3671875,38.2734375,16,16,1
medium,pseudo3d,saturated,4,30,600,16,16,48,0.00095516666704043,0.0011000000057493,0.029474499999817,0.039299999997411,23.90625,188.2734375,16,16,1
medium,flames,baseline,4,30,120,0,256,0,0.00035666666657145,0.00049999999873762,0.0072799999979149,0.010500000001912,21.921875,0.4609375,16,16,0
medium,flames,typical,4,30,120,8,256,0,0.00054999999837454,0.00069999998686399,0.0083449999993472,0.010100000025659,22.078125,0.4609375,16,16,0
medium,flames,saturated,4,30,600,256,256,0,0.0016321666661175,0.0018000000068241,0.038333833333629,0.053199999996423,22.546875,0.4609375,16,16,0
medium,electricity,baseline,4,30,120,0,192,0,0.00039833333431716,0.00049999999873762,0.0078558333332997,0.011000000000649,16.3515625,0.4609375,16,16,0
medium,electricity,typical,4,30,120,15,192,0,0.0005441666668086,0.0007000000152857,0.022439166667946,0.027899999992087,16.4609375,0.4609375,16,16,0
medium,electricity,saturated,4,30,600,192,192,0,0.00080249999991603,0.00090000000341206,0.17775183333361,0.19900000000916,17.6015625,0.4609375,16,16,0
medium,baseline,baseline,5,30,120,0,0,0,9.6666664954152e-05,0.00019999998812636,0.0069108333337435,0.010300000013785,0.76953125,0.4609375,16,16,0
medium,baseline,typical,5,30,120,0,0,0,9.6666667322628e-05,0.00010000002248489,0.007000000000564,0.010599999995975,0.25,0.4609375,16,16,0
medium,baseline,saturated,5,30,600,0,0,0,9.0999999666034e-05,0.00010000002248489,0.0067951666663172,0.0092999999878884,0.25,0.4609375,16,16,0
medium,particles,baseline,5,30,120,0,320,0,0.00020750000023403,0.00030000001061126,0.0072150000031949,0.010500000001912,45.9921875,0.73046875,16,16,0
medium,particles,typical,5,30,120,16,320,0,0.00045333333365723,0.00050000002715933,0.0095133333331887,0.012900000001537,46.1484375,0.4609375,16,16,0
medium,particles,saturated,5,30,600,320,320,0,0.0018426666675945,0.0021000000174354,0.046028833333149,0.062399999990248,46.3046875,0.4609375,16,16,0
medium,screen_fx,baseline,5,30,120,0,8,0,0.00030583333365068,0.00040000000467444,0.0086400000000708,0.013999999993075,1.296875,0.73046875,16,16,0
medium,screen_fx,typical,5,30,120,1,8,1,0.00041583333422561,0.00060000002122251,0.030854166665032,0.039899999990212,27.7578125,0.73046875,16,241,0
medium,screen_fx,saturated,5,30,600,8,8,8,0.0004739999998075,0.00060000002122251,0.035263833333327,0.045400000004747,21.6171875,0.4609375,16,241,0
medium,pixel_deform,baseline,5,30,120,0,128,0,0.0003041666677935,0.00040000000467444,0.0072358333324492,0.0087000000235093,1.171875,0.73046875,16,16,0
medium,pixel_deform,typical,5,30,120,128,128,128,0.00028749999832674,0.00040000000467444,0.011088333333949,0.016299999998637,1.171875,0.4609375,16,16,0
medium,pixel_deform,saturated,5,30,600,128,128,128,0.00029999999943205,0.00040000000467444,0.010974166665865,0.014800000002424,1.0625,0.4609375,16,16,0
medium,palette_fx,baseline,5,30,120,0,128,0,0.00034833333468024,0.00040000000467444,0.0071233333329701,0.0079999999798019,1.1875,0.73046875,16,16,0
medium,palette_fx,typical,5,30,120,128,128,128,0.00036999999982375,0.00049999999873762,0.0090325000004536,0.012400000002799,2.67578125,0.4609375,16,16,0
medium,palette_fx,saturated,5,30,600,128,128,128,0.00038899999997473,0.00049999999873762,0.0097180000002576,0.013700000010886,2.3125,0.4609375,16,16,0
medium,pseudo3d,baseline,5,30,120,0,16,0,0.0003566666668083,0.00040000000467444,0.0069425000013723,0.0079999999798019,5.53125,0.73046875,16,16,0
medium,pseudo3d,typical,5,30,120,1,16,48,0.00077333333289668,0.00090000000341206,0.02538916666713,0.036099999988437,14.3671875,38.2734375,16,16,1
medium,pseudo3d,saturated,5,30,600,16,16,48,0.00096899999959987,0.0011999999856016,0.030114166666048,0.038099999983388,16.4765625,188.2734375,16,16,1
medium,flames,baseline,5,30,120,0,256,0,0.00036833333278234,0.00049999999873762,0.0075408333335266,0.009900000009111,21.921875,0.73046875,16,16,0
medium,flames,typical,5,30,120,8,256,0,0.00056249999952721,0.00069999998686399,0.0083508333335184,0.010099999997237,22.078125,0.4609375,16,16,0
medium,flames,saturated,5,30,600,256,256,0,0.0015698333332637,0.0018000000068241,0.037282833333829,0.049999999987449,24.51953125,0.4609375,16,16,0
medium,electricity,baseline,5,30,120,0,192,0,0.00038750000020589,0.00049999999873762,0.0071750000008327,0.0085000000069613,16.3515625,0.73046875,16,16,0
medium,electricity,typical,5,30,120,15,192,0,0.00087666666720073,0.00060000002122251,0.021894999999243,0.028700000001436,16.4609375,0.4609375,16,16,0
medium,electricity,saturated,5,30,600,192,192,0,0.00074516666581796,0.00090000000341206,0.17585883333377,0.19929999999135,17.6015625,0.4609375,16,16,0
high,baseline,baseline,1,30,120,0,0,0,8.5833332500821e-05,0.00010000002248489,0.0062008333327886,0.007500000009486,0.25,0.4609375,16,16,0
high,baseline,typical,1,30,120,0,0,0,9.2500000903328e-05,0.00010000002248489,0.0064691666658234,0.0086000000010245,0.25,0.4609375,16,16,0
high,baseline,saturated,1,30,600,0,0,0,9.3166666583026e-05,0.00010000002248489,0.0067204999996306,0.0086999999950876,0.25,0.4609375,16,16,0
high,particles,baseline,1,30,120,0,640,0,0.00022250000171198,0.00030000001061126,0.0069891666664527,0.0083999999844764,89.9921875,1.11328125,16,16,0
high,particles,typical,1,30,120,16,640,0,0.00045083333333196,0.00050000002715933,0.009552500000846,0.011600000021872,90.1484375,0.4609375,16,16,0
high,particles,saturated,1,30,600,640,640,0,0.0035165000005577,0.0034999999911633,0.080044333333262,0.088400000009869,90.3046875,0.4609375,16,16,0
high,screen_fx,baseline,1,30,120,0,16,0,0.00027583333377379,0.00030000001061126,0.0074966666673504,0.0086999999950876,1.296875,1.11328125,16,16,0
high,screen_fx,typical,1,30,120,1,16,1,0.00051166666684329,0.00049999999873762,0.027308333333546,0.032900000007885,27.7578125,1.11328125,16,241,0
high,screen_fx,saturated,1,30,600,16,16,16,0.00054916666679598,0.0007000000152857,0.043088500000721,0.052900000014233,23.6796875,2.0703125,16,241,0
high,pixel_deform,baseline,1,30,120,0,512,0,0.00031916666619243,0.00040000000467444,0.0068783333328308,0.0095000000044365,1.171875,0.4609375,16,16,0
high,pixel_deform,typical,1,30,120,512,512,512,0.00031916666808722,0.00040000000467444,0.022090000000693,0.027400000021771,1.171875,1.70703125,16,16,0
high,pixel_deform,saturated,1,30,600,512,512,512,0.00032383333310311,0.00040000000467444,0.021772500000499,0.028000000014572,1.0625,1.11328125,16,16,0
high,palette_fx,baseline,1,30,120,0,512,0,0.00034666666692829,0.00040000000467444,0.0066666666649932,0.0078999999857388,1.1875,1.11328125,16,16,0
high,palette_fx,typical,1,30,120,512,512,512,0.0005091666674654,0.00049999999873762,0.012253333333471,0.017399999990175,2.203125,1.11328125,16,16,0
high,palette_fx,saturated,1,30,600,512,512,512,0.0003571666671102,0.00049999999873762,0.012390333332917,0.016499999986763,6.44921875,1.11328125,16,16,0
high,pseudo3d,baseline,1,30,120,0,32,0,0.00034083333204649,0.00040000000467444,0.0066516666665943,0.0076999999976124,8.23046875,1.11328125,16,16,0
high,pseudo3d,typical,1,30,120,1,32,96,0.00091416666663235,0.0011000000199601,0.027328333333543,0.034300000010035,24.5703125,38.92578125,16,16,1
high,pseudo3d,saturated,1,30,600,32,32,96,0.0010471666663155,0.0012000000140233,0.037109166666388,0.046499999996286,28.9296875,188.92578125,16,16,1
high,flames,baseline,1,30,120,0,512,0,0.00034666666669144,0.00040000000467444,0.0068966666657862,0.0087999999891508,43.07421875,1.11328125,16,16,0
high,flames,typical,1,30,120,8,512,0,0.00055583333183525,0.00069999998686399,0.0082541666661958,0.010399999979427,42.078125,0.4609375,16,16,0
high,flames,saturated,1,30,600,512,512,0,0.003007666667069,0.0035999999852265,0.066004333333278,0.07740000000922,42.546875,0.4609375,16,16,0
high,electricity,baseline,1,30,120,0,320,0,0.00035916666808096,0.00049999999873762,0.0069258333330898,0.0082999999904132,30.3515625,1.11328125,16,16,0
high,electricity,typical,1,30,120,20,320,0,0.00054999999908508,0.0007000000152857,0.02826333333464,0.040099999978338,30.4609375,0.4609375,16,16,0
high,electricity,saturated,1,30,600,320,320,0,0.00091983333334156,0.0011000000199601,0.28734549999972,0.31990000002224,32.5390625,0.4609375,16,16,0
high,baseline,baseline,2,30,120,0,0,0,8.7500000252779e-05,0.00010000002248489,0.0068441666660609,0.0096999999925629,0.25,0.4609375,16,16,0
high,baseline,typical,2,30,120,0,0,0,8.750000214756e-05,0.00010000002248489,0.0069725000026703,0.009900000009111,0.25,0.4609375,16,16,0
high,baseline,saturated,2,30,600,0,0,0,0.00010066666646935,0.00010000002248489,0.0070226666663586,0.0093000000163102,0.25,0.4609375,16,16,0
high,particles,baseline,2,30,120,0,640,0,0.0003750000004743,0.00030000001061126,0.0069124999986533,0.0083999999844764,93.8671875,0.93359375,16,16,0
high,particles,typical,2,30,120,16,640,0,0.00046666666619899,0.0005999999928008,0.0096974999991062,0.013499999994337,90.1484375,0.4609375,16,16,0
high,particles,saturated,2,30,600,640,640,0,0.0036488333332822,0.0040999999839642,0.080215666667035,0.091199999985747,90.3046875,0.4609375,16,16,0
high,screen_fx,baseline,2,30,120,0,16,0,0.00041916666617681,0.00040000000467444,0.0074966666671135,0.0089000000116357,1.296875,0.93359375,16,16,0
high,screen_fx,typical,2,30,120,1,16,1,0.00049083333403625,0.00040000000467444,0.025959166668107,0.031800000016347,27.7578125,0.93359375,16,241,0
high,screen_fx,saturated,2,30,600,16,16,16,0.0005171666659957,0.00060000002122251,0.041889333333576,0.049599999982775,26.0625,0.4609375,16,241,0
high,pixel_deform,baseline,2,30,120,0,512,0,0.00030416666471448,0.00040000000467444,0.0067100000012014,0.009200000022247,1.171875,0.4609375,16,16,0
high,pixel_deform,typical,2,30,120,512,512,512,0.00029916666595871,0.00040000000467444,0.021217500000622,0.024100000018734,1.171875,0.4609375,16,16,0
high,pixel_deform,saturated,2,30,600,512,512,512,0.0003433333329402,0.00040000000467444,0.021252500000154,0.027799999998024,1.0625,0.93359375,16,16,0
high,palette_fx,baseline,2,30,120,0,512,0,0.00032333333426967,0.00040000000467444,0.0064850000005852,0.0082999999904132,1.1875,0.93359375,16,16,0
high,palette_fx,typical,2,30,120,512,512,512,0.00036250000240064,0.00040000000467444,0.012514999999761,0.016700000003311,2.203125,0.93359375,16,16,0
high,palette_fx,saturated,2,30,600,512,512,512,0.00041733333314179,0.00040000000467444,0.011931666666906,0.015300000001162,2.203125,0.93359375,16,16,0
high,pseudo3d,baseline,2,30,120,0,32,0,0.00037083333523924,0.00049999999873762,0.0073666666672523,0.0095000000044365,7.734375,0.93359375,16,16,0
high,pseudo3d,typical,2,30,120,1,32,96,0.00099083333395811,0.0011999999856016,0.028533333333532,0.036000000022796,24.5703125,38.74609375,16,16,1
high,pseudo3d,saturated,2,30,600,32,32,96,0.0012859999994438,0.0014000000021497,0.039879333333441,0.050700000002735,31.13671875,188.74609375,16,16,1
high,flames,baseline,2,30,120,0,512,0,0.00037499999905322,0.00049999999873762,0.008004166666827,0.011000000000649,41.921875,0.93359375,16,16,0
high,flames,typical,2,30,120,8,512,0,0.00054416666633491,0.00069999998686399,0.0088575000013691,0.011099999994713,42.078125,0.4609375,16,16,0
high,flames,saturated,2,30,600,512,512,0,0.0029303333331162,0.0029999999924257,0.067418333334501,0.080499999995709,43.234375,0.4609375,16,16,0
high,electricity,baseline,2,30,120,0,320,0,0.00044416666800847,0.00049999999873762,0.0074641666666745,0.0084999999785396,30.3515625,0.93359375,16,16,0
high,electricity,typical,2,30,120,20,320,0,0.00070833333509768,0.00069999998686399,0.027317500001089,0.029999999981101,33.92578125,0.4609375,16,16,0
high,electricity,saturated,2,30,600,320,320,0,0.00099800000119406,0.0010999999915384,0.28310733333403,0.318099999987,33.2265625,0.4609375,16,16,0
high,baseline,baseline,3,30,120,0,0,0,8.9999999393816e-05,0.00010000002248489,0.0070166666667149,0.010099999997237,0.25,0.4609375,16,16,0
high,baseline,typical,3,30,120,0,0,0,9.0833335756694e-05,0.00010000002248489,0.0070291666673938,0.010000000003174,0.25,0.4609375,16,16,0
high,baseline,saturated,3,30,600,0,0,0,9.4499999884571e-05,0.00010000002248489,0.0064978333336304,0.0079000000141605,0.25,0.4609375,16,16,0
high,particles,baseline,3,30,120,0,640,0,0.00020666666600277,0.00030000001061126,0.0067100000014383,0.00819999999635,89.9921875,0.91015625,16,16,0
high,particles,typical,3,30,120,16,640,0,0.00044750000043337,0.0005999999928008,0.0090591666679056,0.012099999992188,96.05078125,0.4609375,16,16,0
high,particles,saturated,3,30,600,640,640,0,0.0031948333337084,0.0043000000005122,0.078813000000556,0.08929999998486,90.625,0.4609375,16,16,0
high,screen_fx,baseline,3,30,120,0,16,0,0.00027416666696922,0.00040000000467444,0.0075808333337572,0.009200000022247,1.296875,0.91015625,16,16,0
high,screen_fx,typical,3,30,120,1,16,1,0.00044999999933755,0.00049999999873762,0.025726666667936,0.031500000005735,33.2265625,0.91015625,16,241,0
high,screen_fx,saturated,3,30,600,16,16,16,0.0006103333332419,0.0007000000152857,0.042450833333637,0.052699999997685,23.6796875,0.4609375,16,241,0
high,pixel_deform,baseline,3,30,120,0,512,0,0.0002983333333854,0.00040000000467444,0.0067775000009836,0.0083000000188349,1.171875,0.4609375,16,16,0
high,pixel_deform,typical,3,30,120,512,512,512,0.00030416666613557,0.00040000000467444,0.02178999999695,0.030699999996386,1.171875,0.4609375,16,16,0
high,pixel_deform,saturated,3,30,600,512,512,512,0.00033316666592971,0.00040000000467444,0.022145333333015,0.029900000015459,1.0625,0.91015625,16,16,0
high,palette_fx,baseline,3,30,120,0,512,0,0.00037416666719044,0.00040000000467444,0.0069625000001849,0.0081000000022868,1.1875,0.91015625,16,16,0
high,palette_fx,typical,3,30,120,512,512,512,0.0003758333344687,0.00049999999873762,0.012799999999184,0.018199999999524,2.203125,0.91015625,16,16,0
high,palette_fx,saturated,3,30,600,512,512,512,0.00039100000009284,0.00049999999873762,0.013088333333116,0.019100000002936,2.203125,0.91015625,16,16,0
high,pseudo3d,baseline,3,30,120,0,32,0,0.00036666666621462,0.00049999999873762,0.0073141666668164,0.010500000001912,7.734375,0.91015625,16,16,0
high,pseudo3d,typical,3,30,120,1,32,96,0.0010633333332066,0.0011999999856016,0.028793333334202,0.032700000019759,30.7109375,38.72265625,16,16,1
high,pseudo3d,saturated,3,30,600,32,32,96,0.0012099999994083,0.0014999999962129,0.039734500000463,0.054599999998572,30.40234375,188.72265625,16,16,1
high,flames,baseline,3,30,120,0,512,0,0.00033749999772681,0.00040000000467444,0.0070533333330995,0.0080000000082237,41.921875,0.91015625,16,16,0
high,flames,typical,3,30,120,8,512,0,0.00072999999953064,0.00069999998686399,0.0085033333344124,0.011199999988776,43.19921875,0.4609375,16,16,0
high,flames,saturated,3,30,600,512,512,0,0.0027533333325872,0.0028999999983625,0.066243833334028,0.084299999997484,43.5,0.4609375,16,16,0
high,electricity,baseline,3,30,120,0,320,0,0.00037666666680517,0.00049999999873762,0.0071200000014926,0.008899999983214,30.3515625,0.91015625,16,16,0
high,electricity,typical,3,30,120,20,320,0,0.0005433333332879,0.00069999998686399,0.026979999999573,0.034399999975676,48.3359375,0.4609375,16,16,0
high,electricity,saturated,3,30,600,320,320,0,0.00095449999998702,0.0011000000199601,0.28655516666689,0.32049999998662,32.5390625,0.4609375,16,16,0
high,baseline,baseline,4,30,120,0,0,0,0.00024833333280109,0.00010000002248489,0.0068766666664999,0.0098999999806892,0.25,0.4609375,16,16,0
high,baseline,typical,4,30,120,0,0,0,9.5000000754908e-05,0.00010000002248489,0.0068475000001437,0.0091999999938253,0.25,0.4609375,16,16,0
high,baseline,saturated,4,30,600,0,0,0,9.5000000660169e-05,0.00010000002248489,0.0070776666661724,0.010400000007849,0.25,0.4609375,16,16,0
high,particles,baseline,4,30,120,0,640,0,0.00022166666819127,0.00030000001061126,0.0072566666666773,0.011000000000649,89.9921875,0.4609375,16,16,0
high,particles,typical,4,30,120,16,640,0,0.00046749999900915,0.0005999999928008,0.010040833331952,0.014599999985876,90.9453125,0.4609375,16,16,0
high,particles,saturated,4,30,600,640,640,0,0.0032575000000653,0.0040000000183227,0.08172583333329,0.099299999988034,94.1796875,0.4609375,16,16,0
high,screen_fx,baseline,4,30,120,0,16,0,0.00027083333075476,0.00040000000467444,0.0078091666663245,0.010500000001912,1.296875,0.4609375,16,16,0
high,screen_fx,typical,4,30,120,1,16,1,0.0004008333329845,0.00049999999873762,0.0266533333343,0.031100000001061,27.6015625,0.4609375,16,241,0
high,screen_fx,saturated,4,30,600,16,16,16,0.00061216666651376,0.0007000000152857,0.042616999999391,0.050799999996798,27.85546875,0.4609375,16,241,0
high,pixel_deform,baseline,4,30,120,0,512,0,0.00034416666778725,0.00049999999873762,0.007396666667366,0.0091999999938253,1.171875,0.4609375,16,16,0
high,pixel_deform,typical,4,30,120,512,512,512,0.00031166666758509,0.00040000000467444,0.021652500000613,0.025100000016209,1.171875,0.4609375,16,16,0
high,pixel_deform,saturated,4,30,600,512,512,512,0.00032133333353575,0.00040000000467444,0.021641500000603,0.029000000012047,1.0625,0.4609375,16,16,0
high,palette_fx,baseline,4,30,120,0,512,0,0.00034999999864264,0.00040000000467444,0.0064599999985167,0.0077999999916756,1.1875,0.4609375,16,16,0
high,palette_fx,typical,4,30,120,512,512,512,0.00033666666586403,0.00040000000467444,0.012164166666887,0.016200000004574,2.203125,0.4609375,16,16,0
high,palette_fx,saturated,4,30,600,512,512,512,0.00036900000083051,0.00049999999873762,0.012122333333338,0.016799999997374,2.203125,0.4609375,16,16,0
high,pseudo3d,baseline,4,30,120,0,32,0,0.00035333333367286,0.00049999999873762,0.0068816666645451,0.010400000007849,7.734375,0.4609375,16,16,0
high,pseudo3d,typical,4,30,120,1,32,96,0.0010616666661652,0.0014999999962129,0.028191666665833,0.040400000017371,24.8671875,38.2734375,16,16,1
high,pseudo3d,saturated,4,30,600,32,32,96,0.0013026666667789,0.0017999999784024,0.038899499999966,0.053099999973938,28.9296875,188.2734375,16,16,1
high,flames,baseline,4,30,120,0,512,0,0.00050083333273202,0.00040000000467444,0.0072808333335672,0.0086000000010245,44.40625,0.4609375,16,16,0
high,flames,typical,4,30,120,8,512,0,0.00056750000017776,0.0007000000152857,0.0089983333355785,0.011900000004061,42.078125,0.4609375,16,16,0
high,flames,saturated,4,30,600,512,512,0,0.0031131666661111,0.0033999999971002,0.067991999999416,0.083899999992809,43.5078125,0.4609375,16,16,0
high,electricity,baseline,4,30,120,0,320,0,0.00039166666686204,0.00049999999873762,0.0073399999995634,0.0085000000069613,31.046875,0.4609375,16,16,0
high,electricity,typical,4,30,120,20,320,0,0.00058166666552969,0.0007000000152857,0.027686666667156,0.030300000020134,32.4765625,0.4609375,16,16,0
high,electricity,saturated,4,30,600,320,320,0,0.0010986666664318,0.0011000000199601,0.29280299999954,0.32469999999307,32.5390625,0.4609375,16,16,0
high,baseline,baseline,5,30,120,0,0,0,9.5833333091377e-05,0.00019999998812636,0.0067383333335632,0.0076000000035492,0.25,0.4609375,16,16,0
high,baseline,typical,5,30,120,0,0,0,9.3333334187188e-05,0.00010000002248489,0.0068608333322118,0.0078999999857388,0.25,0.4609375,16,16,0
high,baseline,saturated,5,30,600,0,0,0,0.00017016666646441,0.00010000002248489,0.0069618333337,0.0085999999726027,0.25,0.4609375,16,16,0
high,particles,baseline,5,30,120,0,640,0,0.00021083333313262,0.00030000001061126,0.0070691666678613,0.0081000000022868,89.9921875,0.4609375,16,16,0
high,particles,typical,5,30,120,16,640,0,0.00047083333190775,0.00050000002715933,0.0097858333331165,0.014200000009623,90.1484375,0.4609375,16,16,0
high,particles,saturated,5,30,600,640,640,0,0.0035816666667661,0.0038999999958378,0.080830166667833,0.099500000004582,90.5,0.4609375,16,16,0
high,screen_fx,baseline,5,30,120,0,16,0,0.00030083333465806,0.00040000000467444,0.0078458333327092,0.010699999990038,1.296875,0.4609375,16,16,0
high,screen_fx,typical,5,30,120,1,16,1,0.00037499999976376,0.00049999999873762,0.026367500000883,0.031000000006998,27.6015625,0.4609375,16,241,0
high,screen_fx,saturated,5,30,600,16,16,16,0.00056033333317866,0.0007000000152857,0.041901666666414,0.050699999974313,24.1953125,0.73046875,16,241,0
high,pixel_deform,baseline,5,30,120,0,512,0,0.00031916666737667,0.00040000000467444,0.0066416666667142,0.0077999999916756,1.171875,0.4609375,16,16,0
high,pixel_deform,typical,5,30,120,512,512,512,0.00030999999983313,0.00040000000467444,0.021826666667361,0.033200000018496,1.171875,0.4609375,16,16,0
high,pixel_deform,saturated,5,30,600,512,512,512,0.00032033333250562,0.00040000000467444,0.021917166665778,0.029499999982363,1.0625,0.73046875,16,16,0
high,palette_fx,baseline,5,30,120,0,512,0,0.00038333333426029,0.00049999999873762,0.0068549999989879,0.0081000000022868,1.1875,0.4609375,16,16,0
high,palette_fx,typical,5,30,120,512,512,512,0.00035583333447183,0.00040000000467444,0.01248750000021,0.016700000003311,2.203125,0.4609375,16,16,0
high,palette_fx,saturated,5,30,600,512,512,512,0.00036366666629798,0.00049999999873762,0.012691499999278,0.016999999985501,2.203125,0.4609375,16,16,0
high,pseudo3d,baseline,5,30,120,0,32,0,0.0003708333345287,0.00049999999873762,0.0069674999996513,0.0087000000235093,7.734375,0.4609375,16,16,0
high,pseudo3d,typical,5,30,120,1,32,96,0.0010174999990416,0.0011999999856016,0.030011666665549,0.040000000012697,24.5703125,38.2734375,16,16,1
high,pseudo3d,saturated,5,30,600,32,32,96,0.0010984999995382,0.0013000000080865,0.039092333333078,0.046199999985674,28.9296875,188.2734375,16,16,1
high,flames,baseline,5,30,120,0,512,0,0.00046083333250143,0.00050000002715933,0.0074333333318558,0.010599999995975,41.921875,0.4609375,16,16,0
high,flames,typical,5,30,120,8,512,0,0.00058083333295637,0.0007000000152857,0.0086050000009645,0.012200000014673,42.078125,0.4609375,16,16,0
high,flames,saturated,5,30,600,512,512,0,0.0028725000004215,0.0040000000183227,0.06648050000057,0.077900000007958,44.51171875,0.4609375,16,16,0
high,electricity,baseline,5,30,120,0,320,0,0.00042333333188556,0.00049999999873762,0.0073233333334125,0.0089000000116357,30.3515625,0.4609375,16,16,0
high,electricity,typical,5,30,120,20,320,0,0.00059666666511286,0.0007000000152857,0.027296666667809,0.035999999994374,30.4609375,0.4609375,16,16,0
high,electricity,saturated,5,30,600,320,320,0,0.0010461666668959,0.0011000000199601,0.28134533333305,0.31790000002729,33.91015625,0.4609375,16,16,0
