engine_version,quality,effect,scenario,repetition,warmup_frames,sample_frames,active_items,capacity,secondary_items,mean_cpu,p95_cpu,min_cpu,max_cpu,min_fps,setup_heap_kb,sample_heap_delta_kb
0.3.0d,low,baseline,baseline,1,30,120,0,0,0,0.019315499606609,0.019315499606609,0.019315499606609,0.019315499606609,60.0,0.0625,19.0
0.3.0d,low,baseline,baseline,2,30,120,0,0,0,0.019315499606609,0.019315499606609,0.019315499606609,0.019315499606609,60.0,0.0625,19.0
0.3.0d,low,baseline,baseline,3,30,120,0,0,0,0.019315499606609,0.019315499606609,0.019315499606609,0.019315499606609,60.0,0.0625,19.0
0.3.0d,low,baseline,baseline,4,30,120,0,0,0,0.019315499606609,0.019315499606609,0.019315499606609,0.019315499606609,60.0,0.0625,19.0
0.3.0d,low,baseline,baseline,5,30,120,0,0,0,0.019315499606609,0.019315499606609,0.019315499606609,0.019315499606609,60.0,0.0625,19.0
0.3.0d,low,particles,typical,1,30,120,12,64,0,0.022255203490451,0.022255203490451,0.022255203490451,0.022255203490451,60.0,13.515625,5.109375
0.3.0d,low,particles,typical,2,30,120,12,64,0,0.022255561118661,0.022255203490451,0.022255203490451,0.022298118875617,60.0,13.546875,-7.578125
0.3.0d,low,particles,typical,3,30,120,12,64,0,0.022255561118661,0.022255203490451,0.022255203490451,0.022298118875617,60.0,13.484375,-7.578125
0.3.0d,low,particles,typical,4,30,120,12,64,0,0.022255561118661,0.022255203490451,0.022255203490451,0.022298118875617,60.0,13.484375,-7.578125
0.3.0d,low,particles,typical,5,30,120,12,64,0,0.022255561118661,0.022255203490451,0.022255203490451,0.022298118875617,60.0,13.484375,-7.578125
0.3.0d,low,particles,saturated,1,30,120,64,64,0,0.034715327945068,0.034714970316859,0.034714970316859,0.034757885702024,60.0,13.484375,-7.578125
0.3.0d,low,particles,saturated,2,30,120,64,64,0,0.034715327945068,0.034714970316859,0.034714970316859,0.034757885702024,60.0,13.484375,-7.578125
0.3.0d,low,particles,saturated,3,30,120,64,64,0,0.034715327945068,0.034714970316859,0.034714970316859,0.034757885702024,60.0,13.484375,-7.578125
0.3.0d,low,particles,saturated,4,30,120,64,64,0,0.034715417352121,0.034714970316859,0.034714970316859,0.034768614548316,60.0,13.484375,-7.234375
0.3.0d,low,particles,saturated,5,30,120,64,64,0,0.034714970316859,0.034714970316859,0.034714970316859,0.034714970316859,60.0,12.484375,-7.640625
0.3.0d,low,screen_fx,typical,1,30,120,1,8,0,0.024894499678135,0.024894499678135,0.024894499678135,0.024894499678135,60.0,1.234375,19.0
0.3.0d,low,screen_fx,typical,2,30,120,1,8,0,0.024894499678135,0.024894499678135,0.024894499678135,0.024894499678135,60.0,1.234375,19.0
0.3.0d,low,screen_fx,typical,3,30,120,1,8,0,0.024894499678135,0.024894499678135,0.024894499678135,0.024894499678135,60.0,1.26953125,19.0
0.3.0d,low,screen_fx,typical,4,30,120,1,8,0,0.024894499678135,0.024894499678135,0.024894499678135,0.024894499678135,60.0,1.26953125,19.0
0.3.0d,low,screen_fx,typical,5,30,120,1,8,0,0.024894499678135,0.024894499678135,0.024894499678135,0.024894499678135,60.0,1.26953125,19.0
0.3.0d,low,screen_fx,saturated,1,30,120,8,8,0,0.026354069809027,0.026353622773764,0.026353622773764,0.026407267005221,60.0,2.91015625,-3.609375
0.3.0d,low,screen_fx,saturated,2,30,120,8,8,0,0.026353622773764,0.026353622773764,0.026353622773764,0.026353622773764,60.0,2.875,-5.34375
0.3.0d,low,screen_fx,saturated,3,30,120,8,8,0,0.026353622773764,0.026353622773764,0.026353622773764,0.026353622773764,60.0,2.875,-5.34375
0.3.0d,low,screen_fx,saturated,4,30,120,8,8,0,0.026353622773764,0.026353622773764,0.026353622773764,0.026353622773764,60.0,2.875,-5.34375
0.3.0d,low,screen_fx,saturated,5,30,120,8,8,0,0.026353622773764,0.026353622773764,0.026353622773764,0.026353622773764,60.0,2.875,-5.34375
0.3.0d,low,pixel_deform,typical,1,30,120,32,32,0,0.038691796008869,0.038691796008869,0.038691796008869,0.038691796008869,60.0,0.8984375,19.0
0.3.0d,low,pixel_deform,typical,2,30,120,32,32,0,0.038691796008869,0.038691796008869,0.038691796008869,0.038691796008869,60.0,0.8984375,19.0
0.3.0d,low,pixel_deform,typical,3,30,120,32,32,0,0.038691796008869,0.038691796008869,0.038691796008869,0.038691796008869,60.0,0.8984375,19.0
0.3.0d,low,pixel_deform,typical,4,30,120,32,32,0,0.038691796008869,0.038691796008869,0.038691796008869,0.038691796008869,60.0,0.8984375,19.0
0.3.0d,low,pixel_deform,typical,5,30,120,32,32,0,0.038691796008869,0.038691796008869,0.038691796008869,0.038691796008869,60.0,0.8984375,19.0
0.3.0d,low,pixel_deform,saturated,1,30,120,256,256,0,0.17329590158072,0.17329590158072,0.17329590158072,0.17329590158072,60.0,0.8984375,19.0
0.3.0d,low,pixel_deform,saturated,2,30,120,256,256,0,0.17329590158072,0.17329590158072,0.17329590158072,0.17329590158072,60.0,0.8984375,19.0
0.3.0d,low,pixel_deform,saturated,3,30,120,256,256,0,0.17329590158072,0.17329590158072,0.17329590158072,0.17329590158072,60.0,0.8984375,19.0
0.3.0d,low,pixel_deform,saturated,4,30,120,256,256,0,0.17329590158072,0.17329590158072,0.17329590158072,0.17329590158072,60.0,0.8984375,19.0
0.3.0d,low,pixel_deform,saturated,5,30,120,256,256,0,0.17329590158072,0.17329590158072,0.17329590158072,0.17329590158072,60.0,0.8984375,19.0
0.3.0d,low,palette_fx,typical,1,30,120,32,32,0,0.028782454760031,0.028781918317717,0.028781918317717,0.028846291395465,60.0,1.734375,-5.33203125
0.3.0d,low,palette_fx,typical,2,30,120,32,32,0,0.028782454760031,0.028781918317717,0.028781918317717,0.028846291395465,60.0,1.76953125,-6.14453125
0.3.0d,low,palette_fx,typical,3,30,120,32,32,0,0.028781918317717,0.028781918317717,0.028781918317717,0.028781918317717,60.0,1.76953125,19.0
0.3.0d,low,palette_fx,typical,4,30,120,32,32,0,0.028781918317717,0.028781918317717,0.028781918317717,0.028781918317717,60.0,1.76953125,19.0
0.3.0d,low,palette_fx,typical,5,30,120,32,32,0,0.028781918317717,0.028781918317717,0.028781918317717,0.028781918317717,60.0,1.76953125,19.0
0.3.0d,low,palette_fx,saturated,1,30,120,1024,1024,0,0.32190830412703,0.32190830412703,0.32190830412703,0.32190830412703,60.0,1.76953125,19.0
0.3.0d,low,palette_fx,saturated,2,30,120,1024,1024,0,0.32190830412703,0.32190830412703,0.32190830412703,0.32190830412703,60.0,1.76953125,19.0
0.3.0d,low,palette_fx,saturated,3,30,120,1024,1024,0,0.32190830412703,0.32190830412703,0.32190830412703,0.32190830412703,60.0,1.76953125,19.0
0.3.0d,low,palette_fx,saturated,4,30,120,1024,1024,0,0.32190830412703,0.32190830412703,0.32190830412703,0.32190830412703,60.0,1.76953125,19.0
0.3.0d,low,palette_fx,saturated,5,30,120,1024,1024,0,0.32190830412703,0.32190830412703,0.32190830412703,0.32190830412703,60.0,1.76953125,19.0
0.3.0d,low,pseudo3d,typical,1,30,120,1,8,24,0.068687504470353,0.068686073957514,0.068686073957514,0.068804091266719,60.0,5.69921875,8.640625
0.3.0d,low,pseudo3d,typical,2,30,120,1,8,24,0.068686520992776,0.068686073957514,0.068686073957514,0.068739718188971,60.0,5.6640625,4.8515625
0.3.0d,low,pseudo3d,typical,3,30,120,1,8,24,0.068686520992776,0.068686073957514,0.068686073957514,0.068739718188971,60.0,5.6640625,4.8515625
0.3.0d,low,pseudo3d,typical,4,30,120,1,8,24,0.068686520992776,0.068686073957514,0.068686073957514,0.068739718188971,60.0,5.6640625,4.8515625
0.3.0d,low,pseudo3d,typical,5,30,120,1,8,24,0.068687623679756,0.068686073957514,0.068686073957514,0.068818396395108,60.0,5.6640625,4.8515625
0.3.0d,low,pseudo3d,saturated,1,30,120,8,8,24,0.076581521350404,0.076578928545884,0.076578928545884,0.076696945855089,60.0,6.8125,-16.0546875
0.3.0d,low,pseudo3d,saturated,2,30,120,8,8,24,0.076581342536299,0.076578928545884,0.076578928545884,0.076696945855089,60.0,6.8125,-18.15625
0.3.0d,low,pseudo3d,saturated,3,30,120,8,8,24,0.076581521350404,0.076578928545884,0.076578928545884,0.076696945855089,60.0,6.8125,-17.734375
0.3.0d,low,pseudo3d,saturated,4,30,120,8,8,24,0.076581342536299,0.076578928545884,0.076578928545884,0.076696945855089,60.0,6.8125,-18.765625
0.3.0d,low,pseudo3d,saturated,5,30,120,8,8,24,0.076579375581146,0.076578928545884,0.076578928545884,0.076632572777341,60.0,6.8125,3.484375
0.3.0d,low,flames,typical,1,30,120,8,48,0,0.021289607324226,0.021289607324226,0.021289607324226,0.021289607324226,60.0,11.3125,-3.5625
0.3.0d,low,flames,typical,2,30,120,8,48,0,0.021286031042129,0.021286031042129,0.021286031042129,0.021286031042129,60.0,11.3125,-8.15625
0.3.0d,low,flames,typical,3,30,120,8,48,0,0.021328946427294,0.021328946427294,0.021328946427294,0.021328946427294,60.0,11.3125,-8.15625
0.3.0d,low,flames,typical,4,30,120,8,48,0,0.021350404119877,0.021350404119877,0.021350404119877,0.021350404119877,60.0,11.3125,-8.15625
0.3.0d,low,flames,typical,5,30,120,8,48,0,0.021328946427294,0.021328946427294,0.021328946427294,0.021328946427294,60.0,11.3125,-8.15625
0.3.0d,low,flames,saturated,1,30,120,48,48,0,0.030856608969315,0.030856161934053,0.030856161934053,0.03090980616551,60.0,11.3125,-8.1875
0.3.0d,low,flames,saturated,2,30,120,48,48,0,0.03086376153351,0.030863314498248,0.030863314498248,0.030916958729705,60.0,11.3125,-8.1875
0.3.0d,low,flames,saturated,3,30,120,48,48,0,0.030827998712538,0.030827551677276,0.030827551677276,0.030881195908733,60.0,11.3125,-8.1875
0.3.0d,low,flames,saturated,4,30,120,48,48,0,0.030856608969315,0.030856161934053,0.030856161934053,0.03090980616551,60.0,11.3125,-8.1875
0.3.0d,low,flames,saturated,5,30,120,48,48,0,0.030842303840927,0.030841856805665,0.030841856805665,0.030895501037122,60.0,11.3125,-8.1875
0.3.0d,low,electricity,typical,1,30,120,16,64,0,0.023564569773264,0.023564122738002,0.023564122738002,0.023617766969459,60.0,10.828125,-9.734375
0.3.0d,low,electricity,typical,2,30,120,17,64,0,0.023568146055361,0.023567699020099,0.023567699020099,0.023621343251556,60.0,10.828125,-7.703125
0.3.0d,low,electricity,typical,3,30,120,18,64,0,0.02394365567556,0.023943208640298,0.023943208640298,0.023996852871755,60.0,10.828125,-7.703125
0.3.0d,low,electricity,typical,4,30,120,17,64,0,0.023625366568915,0.023624919533653,0.023624919533653,0.02367856376511,60.0,10.828125,-7.703125
0.3.0d,low,electricity,typical,5,30,120,17,64,0,0.023646824261498,0.023646377226236,0.023646377226236,0.023700021457693,60.0,10.828125,-7.703125
0.3.0d,low,electricity,saturated,1,30,120,64,64,0,0.035584990344038,0.035584006866462,0.035584006866462,0.035702024175667,60.0,11.578125,-8.265625
0.3.0d,low,electricity,saturated,2,30,120,64,64,0,0.035484854445319,0.035483870967742,0.035483870967742,0.035601888276947,60.0,11.578125,-8.265625
0.3.0d,low,electricity,saturated,3,30,120,64,64,0,0.035552177955797,0.035551820327587,0.035551820327587,0.035594735712753,60.0,11.578125,-8.671875
0.3.0d,low,electricity,saturated,4,30,120,64,64,0,0.035269741077176,0.035269294041914,0.035269294041914,0.035322938273371,60.0,11.203125,-7.703125
0.3.0d,low,electricity,saturated,5,30,120,64,64,0,0.035659466418711,0.035659108790501,0.035659108790501,0.035702024175667,60.0,11.578125,-8.671875
0.3.0d,medium,baseline,baseline,1,30,120,0,0,0,0.019315499606609,0.019315499606609,0.019315499606609,0.019315499606609,60.0,0.0625,19.0
0.3.0d,medium,baseline,baseline,2,30,120,0,0,0,0.019315499606609,0.019315499606609,0.019315499606609,0.019315499606609,60.0,0.0625,19.0
0.3.0d,medium,baseline,baseline,3,30,120,0,0,0,0.019315499606609,0.019315499606609,0.019315499606609,0.019315499606609,60.0,0.0625,19.0
0.3.0d,medium,baseline,baseline,4,30,120,0,0,0,0.019315499606609,0.019315499606609,0.019315499606609,0.019315499606609,60.0,0.0625,19.0
0.3.0d,medium,baseline,baseline,5,30,120,0,0,0,0.019315499606609,0.019315499606609,0.019315499606609,0.019315499606609,60.0,0.0625,19.0
0.3.0d,medium,particles,typical,1,30,120,12,160,0,0.022255203490451,0.022255203490451,0.022255203490451,0.022255203490451,60.0,42.34375,19.0
0.3.0d,medium,particles,typical,2,30,120,12,160,0,0.022255203490451,0.022255203490451,0.022255203490451,0.022255203490451,60.0,-2.5625,19.0
0.3.0d,medium,particles,typical,3,30,120,12,160,0,0.022255203490451,0.022255203490451,0.022255203490451,0.022255203490451,60.0,-2.5625,19.0
0.3.0d,medium,particles,typical,4,30,120,12,160,0,0.022255203490451,0.022255203490451,0.022255203490451,0.022255203490451,60.0,-2.5625,19.0
0.3.0d,medium,particles,typical,5,30,120,12,160,0,0.022255203490451,0.022255203490451,0.022255203490451,0.022255203490451,60.0,-2.5625,19.0
0.3.0d,medium,particles,saturated,1,30,120,160,160,0,0.05771761676561,0.05771761676561,0.05771761676561,0.05771761676561,60.0,-2.5625,19.0
0.3.0d,medium,particles,saturated,2,30,120,160,160,0,0.05771761676561,0.05771761676561,0.05771761676561,0.05771761676561,60.0,-2.5625,19.0
0.3.0d,medium,particles,saturated,3,30,120,160,160,0,0.05771761676561,0.05771761676561,0.05771761676561,0.05771761676561,60.0,-2.5625,19.0
0.3.0d,medium,particles,saturated,4,30,120,160,160,0,0.05771761676561,0.05771761676561,0.05771761676561,0.05771761676561,60.0,-2.5625,19.0
0.3.0d,medium,particles,saturated,5,30,120,160,160,0,0.05771761676561,0.05771761676561,0.05771761676561,0.05771761676561,60.0,-2.5625,19.0
0.3.0d,medium,screen_fx,typical,1,30,120,1,8,0,0.024894499678135,0.024894499678135,0.024894499678135,0.024894499678135,60.0,1.234375,19.0
0.3.0d,medium,screen_fx,typical,2,30,120,1,8,0,0.024894499678135,0.024894499678135,0.024894499678135,0.024894499678135,60.0,1.234375,19.0
0.3.0d,medium,screen_fx,typical,3,30,120,1,8,0,0.024894499678135,0.024894499678135,0.024894499678135,0.024894499678135,60.0,1.234375,19.0
0.3.0d,medium,screen_fx,typical,4,30,120,1,8,0,0.024894499678135,0.024894499678135,0.024894499678135,0.024894499678135,60.0,1.234375,19.0
0.3.0d,medium,screen_fx,typical,5,30,120,1,8,0,0.024894499678135,0.024894499678135,0.024894499678135,0.024894499678135,60.0,1.234375,19.0
0.3.0d,medium,screen_fx,saturated,1,30,120,8,8,0,0.026353622773764,0.026353622773764,0.026353622773764,0.026353622773764,60.0,2.875,-4.578125
0.3.0d,medium,screen_fx,saturated,2,30,120,8,8,0,0.026354606251341,0.026353622773764,0.026353622773764,0.02647164008297,60.0,2.875,-6.15625
0.3.0d,medium,screen_fx,saturated,3,30,120,8,8,0,0.026353622773764,0.026353622773764,0.026353622773764,0.026353622773764,60.0,2.875,-6.34375
0.3.0d,medium,screen_fx,saturated,4,30,120,8,8,0,0.026354069809027,0.026353622773764,0.026353622773764,0.026407267005221,60.0,2.875,-6.375
0.3.0d,medium,screen_fx,saturated,5,30,120,8,8,0,0.026354069809027,0.026353622773764,0.026353622773764,0.026407267005221,60.0,2.875,-6.375
0.3.0d,medium,pixel_deform,typical,1,30,120,96,96,0,0.077143981117231,0.077143981117231,0.077143981117231,0.077143981117231,60.0,0.8984375,19.0
0.3.0d,medium,pixel_deform,typical,2,30,120,96,96,0,0.077143981117231,0.077143981117231,0.077143981117231,0.077143981117231,60.0,0.8984375,19.0
0.3.0d,medium,pixel_deform,typical,3,30,120,96,96,0,0.077143981117231,0.077143981117231,0.077143981117231,0.077143981117231,60.0,0.8984375,19.0
0.3.0d,medium,pixel_deform,typical,4,30,120,96,96,0,0.077143981117231,0.077143981117231,0.077143981117231,0.077143981117231,60.0,0.8984375,19.0
0.3.0d,medium,pixel_deform,typical,5,30,120,96,96,0,0.077143981117231,0.077143981117231,0.077143981117231,0.077143981117231,60.0,0.8984375,19.0
0.3.0d,medium,pixel_deform,saturated,1,30,120,768,768,0,0.48091338244761,0.48091338244761,0.48091338244761,0.48091338244761,60.0,0.8984375,19.0
0.3.0d,medium,pixel_deform,saturated,2,30,120,768,768,0,0.48091338244761,0.48091338244761,0.48091338244761,0.48091338244761,60.0,0.8984375,19.0
0.3.0d,medium,pixel_deform,saturated,3,30,120,768,768,0,0.48091338244761,0.48091338244761,0.48091338244761,0.48091338244761,60.0,0.8984375,19.0
0.3.0d,medium,pixel_deform,saturated,4,30,120,768,768,0,0.48091338244761,0.48091338244761,0.48091338244761,0.48091338244761,60.0,0.8984375,19.0
0.3.0d,medium,pixel_deform,saturated,5,30,120,768,768,0,0.48091338244761,0.48091338244761,0.48091338244761,0.48091338244761,60.0,0.8984375,19.0
0.3.0d,medium,palette_fx,typical,1,30,120,32,32,0,0.028781918317717,0.028781918317717,0.028781918317717,0.028781918317717,60.0,1.734375,19.0
0.3.0d,medium,palette_fx,typical,2,30,120,32,32,0,0.028781918317717,0.028781918317717,0.028781918317717,0.028781918317717,60.0,1.734375,19.0
0.3.0d,medium,palette_fx,typical,3,30,120,32,32,0,0.028781918317717,0.028781918317717,0.028781918317717,0.028781918317717,60.0,1.734375,19.0
0.3.0d,medium,palette_fx,typical,4,30,120,32,32,0,0.028781918317717,0.028781918317717,0.028781918317717,0.028781918317717,60.0,1.734375,19.0
0.3.0d,medium,palette_fx,typical,5,30,120,32,32,0,0.028781918317717,0.028781918317717,0.028781918317717,0.028781918317717,60.0,1.734375,19.0
0.3.0d,medium,palette_fx,saturated,1,30,120,1024,1024,0,0.32190830412703,0.32190830412703,0.32190830412703,0.32190830412703,60.0,1.734375,19.0
0.3.0d,medium,palette_fx,saturated,2,30,120,1024,1024,0,0.32190830412703,0.32190830412703,0.32190830412703,0.32190830412703,60.0,1.734375,19.0
0.3.0d,medium,palette_fx,saturated,3,30,120,1024,1024,0,0.32190830412703,0.32190830412703,0.32190830412703,0.32190830412703,60.0,1.734375,19.0
0.3.0d,medium,palette_fx,saturated,4,30,120,1024,1024,0,0.32190830412703,0.32190830412703,0.32190830412703,0.32190830412703,60.0,1.734375,19.0
0.3.0d,medium,palette_fx,saturated,5,30,120,1024,1024,0,0.32190830412703,0.32190830412703,0.32190830412703,0.32190830412703,60.0,1.734375,19.0
0.3.0d,medium,pseudo3d,typical,1,30,120,1,16,48,0.073838989819517,0.073835920177384,0.073835920177384,0.073968242614977,60.0,9.7265625,-12.9375
0.3.0d,medium,pseudo3d,typical,2,30,120,1,16,48,0.073838989819517,0.073835920177384,0.073835920177384,0.073968242614977,60.0,9.7265625,-21.2109375
0.3.0d,medium,pseudo3d,typical,3,30,120,1,16,48,0.073838989819517,0.073835920177384,0.073835920177384,0.073968242614977,60.0,9.7265625,-21.2109375
0.3.0d,medium,pseudo3d,typical,4,30,120,1,16,48,0.073838960017166,0.073835920177384,0.073835920177384,0.07396466633288,60.0,9.7265625,-20.6171875
0.3.0d,medium,pseudo3d,typical,5,30,120,1,16,48,0.073838423574852,0.073835920177384,0.073835920177384,0.07396466633288,60.0,9.7265625,-20.8359375
0.3.0d,medium,pseudo3d,saturated,1,30,120,16,16,48,0.097480688076676,0.097478721121522,0.097478721121522,0.097596738430727,60.0,12.1875,8.21875
0.3.0d,medium,pseudo3d,saturated,2,30,120,16,16,48,0.097481671554252,0.097478721121522,0.097478721121522,0.097596738430727,60.0,12.1875,-21.671875
0.3.0d,medium,pseudo3d,saturated,3,30,120,16,16,48,0.097481671554252,0.097478721121522,0.097478721121522,0.097596738430727,60.0,12.1875,-21.671875
0.3.0d,medium,pseudo3d,saturated,4,30,120,16,16,48,0.097481671554252,0.097478721121522,0.097478721121522,0.097596738430727,60.0,12.1875,-21.671875
0.3.0d,medium,pseudo3d,saturated,5,30,120,16,16,48,0.097481671554252,0.097478721121522,0.097478721121522,0.097596738430727,60.0,12.1875,-21.671875
0.3.0d,medium,flames,typical,1,30,120,8,96,0,0.021289607324226,0.021289607324226,0.021289607324226,0.021289607324226,60.0,21.3125,-2.875
0.3.0d,medium,flames,typical,2,30,120,8,96,0,0.021300783205779,0.021300336170517,0.021300336170517,0.021353980401974,60.0,22.375,-11.1875
0.3.0d,medium,flames,typical,3,30,120,8,96,0,0.021282901795294,0.021282454760031,0.021282454760031,0.021336098991488,60.0,21.3125,-11.1875
0.3.0d,medium,flames,typical,4,30,120,8,96,0,0.021297206923682,0.02129675988842,0.02129675988842,0.021350404119877,60.0,21.3125,-11.1875
0.3.0d,medium,flames,typical,5,30,120,8,96,0,0.021322240898362,0.0213217938631,0.0213217938631,0.021375438094557,60.0,21.3125,-11.1875
0.3.0d,medium,flames,saturated,1,30,120,96,96,0,0.042150507832058,0.042150060796796,0.042150060796796,0.042203705028253,60.0,21.3125,-11.1875
0.3.0d,medium,flames,saturated,2,30,120,96,96,0,0.042325745654817,0.042325298619555,0.042325298619555,0.042378942851012,60.0,21.3125,-11.1875
0.3.0d,medium,flames,saturated,3,30,120,96,96,0,0.042493830913383,0.04249338387812,0.04249338387812,0.042547028109577,60.0,21.3125,-11.1875
0.3.0d,medium,flames,saturated,4,30,120,96,96,0,0.042154084114155,0.042153637078893,0.042153637078893,0.04220728131035,60.0,21.3125,-11.1875
0.3.0d,medium,flames,saturated,5,30,120,96,96,0,0.042164812960446,0.042164365925184,0.042164365925184,0.042218010156641,60.0,21.3125,-11.1875
0.3.0d,medium,electricity,typical,1,30,120,14,128,0,0.022455922323153,0.022455475287891,0.022455475287891,0.022509119519348,60.0,17.703125,-15.609375
0.3.0d,medium,electricity,typical,2,30,120,14,128,0,0.022527000929833,0.022527000929833,0.022527000929833,0.022527000929833,60.0,17.703125,-10.796875
0.3.0d,medium,electricity,typical,3,30,120,15,128,0,0.02255963450397,0.022559187468708,0.022559187468708,0.022612831700165,60.0,17.390625,-9.953125
0.3.0d,medium,electricity,typical,4,30,120,13,128,0,0.022441170159502,0.022441170159502,0.022441170159502,0.022441170159502,60.0,17.703125,-10.796875
0.3.0d,medium,electricity,typical,5,30,120,13,128,0,0.022395125527502,0.022394678492239,0.022394678492239,0.022448322723696,60.0,17.390625,-9.953125
0.3.0d,medium,electricity,saturated,1,30,120,128,128,0,0.048194961018525,0.048193977540948,0.048193977540948,0.048311994850154,60.0,18.828125,-10.515625
0.3.0d,medium,electricity,saturated,2,30,120,128,128,0,0.048305825763536,0.04830484228596,0.04830484228596,0.048422859595165,60.0,18.828125,-10.515625
0.3.0d,medium,electricity,saturated,3,30,120,128,128,0,0.048166350761748,0.048165367284171,0.048165367284171,0.048283384593377,60.0,18.828125,-10.515625
0.3.0d,medium,electricity,saturated,4,30,120,128,128,0,0.048116282812388,0.048115299334812,0.048115299334812,0.048233316644017,60.0,18.828125,-10.515625
0.3.0d,medium,electricity,saturated,5,30,120,128,128,0,0.048587726199843,0.048587368571633,0.048587368571633,0.048630283956799,60.0,18.828125,-10.921875
0.3.0d,high,baseline,baseline,1,30,120,0,0,0,0.019315499606609,0.019315499606609,0.019315499606609,0.019315499606609,60.0,0.0625,19.0
0.3.0d,high,baseline,baseline,2,30,120,0,0,0,0.019315499606609,0.019315499606609,0.019315499606609,0.019315499606609,60.0,0.0625,19.0
0.3.0d,high,baseline,baseline,3,30,120,0,0,0,0.019315499606609,0.019315499606609,0.019315499606609,0.019315499606609,60.0,0.0625,19.0
0.3.0d,high,baseline,baseline,4,30,120,0,0,0,0.019315499606609,0.019315499606609,0.019315499606609,0.019315499606609,60.0,0.0625,19.0
0.3.0d,high,baseline,baseline,5,30,120,0,0,0,0.019315499606609,0.019315499606609,0.019315499606609,0.019315499606609,60.0,0.0625,19.0
0.3.0d,high,particles,typical,1,30,120,12,320,0,0.022255203490451,0.022255203490451,0.022255203490451,0.022255203490451,60.0,86.34375,19.0
0.3.0d,high,particles,typical,2,30,120,12,320,0,0.022255203490451,0.022255203490451,0.022255203490451,0.022255203490451,60.0,-2.5625,19.0
0.3.0d,high,particles,typical,3,30,120,12,320,0,0.022255203490451,0.022255203490451,0.022255203490451,0.022255203490451,60.0,-2.5625,19.0
0.3.0d,high,particles,typical,4,30,120,12,320,0,0.022255203490451,0.022255203490451,0.022255203490451,0.022255203490451,60.0,-2.5625,19.0
0.3.0d,high,particles,typical,5,30,120,12,320,0,0.022255203490451,0.022255203490451,0.022255203490451,0.022255203490451,60.0,-2.5625,19.0
0.3.0d,high,particles,saturated,1,30,120,320,320,0,0.096055360846863,0.096055360846864,0.096055360846864,0.096055360846864,60.0,-2.5625,19.0
0.3.0d,high,particles,saturated,2,30,120,320,320,0,0.096055360846863,0.096055360846864,0.096055360846864,0.096055360846864,60.0,-2.5625,19.0
0.3.0d,high,particles,saturated,3,30,120,320,320,0,0.096055360846863,0.096055360846864,0.096055360846864,0.096055360846864,60.0,-2.5625,19.0
0.3.0d,high,particles,saturated,4,30,120,320,320,0,0.096055360846863,0.096055360846864,0.096055360846864,0.096055360846864,60.0,-2.5625,19.0
0.3.0d,high,particles,saturated,5,30,120,320,320,0,0.096055360846863,0.096055360846864,0.096055360846864,0.096055360846864,60.0,-2.5625,19.0
0.3.0d,high,screen_fx,typical,1,30,120,1,8,0,0.024894499678135,0.024894499678135,0.024894499678135,0.024894499678135,60.0,1.234375,19.0
0.3.0d,high,screen_fx,typical,2,30,120,1,8,0,0.024894499678135,0.024894499678135,0.024894499678135,0.024894499678135,60.0,1.234375,19.0
0.3.0d,high,screen_fx,typical,3,30,120,1,8,0,0.024894499678135,0.024894499678135,0.024894499678135,0.024894499678135,60.0,1.234375,19.0
0.3.0d,high,screen_fx,typical,4,30,120,1,8,0,0.024894499678135,0.024894499678135,0.024894499678135,0.024894499678135,60.0,1.234375,19.0
0.3.0d,high,screen_fx,typical,5,30,120,1,8,0,0.024894499678135,0.024894499678135,0.024894499678135,0.024894499678135,60.0,1.234375,19.0
0.3.0d,high,screen_fx,saturated,1,30,120,8,8,0,0.026353622773764,0.026353622773764,0.026353622773764,0.026353622773764,60.0,2.875,19.0
0.3.0d,high,screen_fx,saturated,2,30,120,8,8,0,0.026353622773764,0.026353622773764,0.026353622773764,0.026353622773764,60.0,2.875,19.0
0.3.0d,high,screen_fx,saturated,3,30,120,8,8,0,0.026353622773764,0.026353622773764,0.026353622773764,0.026353622773764,60.0,2.875,19.0
0.3.0d,high,screen_fx,saturated,4,30,120,8,8,0,0.026353622773764,0.026353622773764,0.026353622773764,0.026353622773764,60.0,2.875,19.0
0.3.0d,high,screen_fx,saturated,5,30,120,8,8,0,0.026353622773764,0.026353622773764,0.026353622773764,0.026353622773764,60.0,2.875,19.0
0.3.0d,high,pixel_deform,typical,1,30,120,240,240,0,0.16368285530363,0.16368285530363,0.16368285530363,0.16368285530363,60.0,0.8984375,19.0
0.3.0d,high,pixel_deform,typical,2,30,120,240,240,0,0.16368285530363,0.16368285530363,0.16368285530363,0.16368285530363,60.0,0.8984375,19.0
0.3.0d,high,pixel_deform,typical,3,30,120,240,240,0,0.16368285530363,0.16368285530363,0.16368285530363,0.16368285530363,60.0,0.8984375,19.0
0.3.0d,high,pixel_deform,typical,4,30,120,240,240,0,0.16368285530363,0.16368285530363,0.16368285530363,0.16368285530363,60.0,0.8984375,19.0
0.3.0d,high,pixel_deform,typical,5,30,120,240,240,0,0.16368285530363,0.16368285530363,0.16368285530363,0.16368285530363,60.0,0.8984375,19.0
0.3.0d,high,pixel_deform,saturated,1,30,120,1920,1920,0,1.1730312567055,1.1730312567055,1.0,1.1730312567055,30.0,0.8984375,19.0
0.3.0d,high,pixel_deform,saturated,2,30,120,1920,1920,0,1.1730312567055,1.1730312567055,1.0,1.1730312567055,30.0,0.8984375,19.0
0.3.0d,high,pixel_deform,saturated,3,30,120,1920,1920,0,1.1730312567055,1.1730312567055,1.0,1.1730312567055,30.0,0.8984375,19.0
0.3.0d,high,pixel_deform,saturated,4,30,120,1920,1920,0,1.1730312567055,1.1730312567055,1.0,1.1730312567055,30.0,0.8984375,19.0
0.3.0d,high,pixel_deform,saturated,5,30,120,1920,1920,0,1.1730312567055,1.1730312567055,1.0,1.1730312567055,30.0,0.8984375,19.0
0.3.0d,high,palette_fx,typical,1,30,120,32,32,0,0.028781918317717,0.028781918317717,0.028781918317717,0.028781918317717,60.0,1.734375,19.0
0.3.0d,high,palette_fx,typical,2,30,120,32,32,0,0.028781918317717,0.028781918317717,0.028781918317717,0.028781918317717,60.0,1.734375,19.0
0.3.0d,high,palette_fx,typical,3,30,120,32,32,0,0.028781918317717,0.028781918317717,0.028781918317717,0.028781918317717,60.0,1.734375,19.0
0.3.0d,high,palette_fx,typical,4,30,120,32,32,0,0.028781918317717,0.028781918317717,0.028781918317717,0.028781918317717,60.0,1.734375,19.0
0.3.0d,high,palette_fx,typical,5,30,120,32,32,0,0.028781918317717,0.028781918317717,0.028781918317717,0.028781918317717,60.0,1.734375,19.0
0.3.0d,high,palette_fx,saturated,1,30,120,1024,1024,0,0.32190830412703,0.32190830412703,0.32190830412703,0.32190830412703,60.0,1.734375,19.0
0.3.0d,high,palette_fx,saturated,2,30,120,1024,1024,0,0.32190830412703,0.32190830412703,0.32190830412703,0.32190830412703,60.0,1.734375,19.0
0.3.0d,high,palette_fx,saturated,3,30,120,1024,1024,0,0.32190830412703,0.32190830412703,0.32190830412703,0.32190830412703,60.0,1.734375,19.0
0.3.0d,high,palette_fx,saturated,4,30,120,1024,1024,0,0.32190830412703,0.32190830412703,0.32190830412703,0.32190830412703,60.0,1.734375,19.0
0.3.0d,high,palette_fx,saturated,5,30,120,1024,1024,0,0.32190830412703,0.32190830412703,0.32190830412703,0.32190830412703,60.0,1.734375,19.0
0.3.0d,high,pseudo3d,typical,1,30,120,1,32,80,0.080704438166083,0.080702381803877,0.080702381803877,0.080831127959373,60.0,15.8515625,6.53125
0.3.0d,high,pseudo3d,typical,2,30,120,1,32,80,0.080704438166083,0.080702381803877,0.080702381803877,0.080831127959373,60.0,15.8515625,6.453125
0.3.0d,high,pseudo3d,typical,3,30,120,1,32,80,0.080704438166083,0.080702381803877,0.080702381803877,0.080831127959373,60.0,15.8515625,6.453125
0.3.0d,high,pseudo3d,typical,4,30,120,1,32,80,0.08070434875903,0.080702381803877,0.080702381803877,0.080820399113082,60.0,15.8515625,6.109375
0.3.0d,high,pseudo3d,typical,5,30,120,1,32,80,0.080703812316716,0.080702381803877,0.080702381803877,0.080820399113082,60.0,15.8515625,6.109375
0.3.0d,high,pseudo3d,saturated,1,30,120,32,32,80,0.15771243115657,0.15771046420142,0.15771046420142,0.15782848151062,60.0,20.9375,5.6875
0.3.0d,high,pseudo3d,saturated,2,30,120,32,32,80,0.15771243115657,0.15771046420142,0.15771046420142,0.15782848151062,60.0,20.9375,5.6875
0.3.0d,high,pseudo3d,saturated,3,30,120,32,32,80,0.1577115668884,0.15771046420142,0.15771046420142,0.15782848151062,60.0,20.9375,5.09375
0.3.0d,high,pseudo3d,saturated,4,30,120,32,32,80,0.1577115668884,0.15771046420142,0.15771046420142,0.15782848151062,60.0,20.9375,5.09375
0.3.0d,high,pseudo3d,saturated,5,30,120,32,32,80,0.15771243115657,0.15771046420142,0.15771046420142,0.15782848151062,60.0,20.9375,5.9375
0.3.0d,high,flames,typical,1,30,120,8,160,0,0.021293183606323,0.021293183606323,0.021293183606323,0.021293183606323,60.0,15.546875,19.0
0.3.0d,high,flames,typical,2,30,120,8,160,0,0.0213217938631,0.0213217938631,0.0213217938631,0.0213217938631,60.0,-3.921875,19.0
0.3.0d,high,flames,typical,3,30,120,8,160,0,0.021343251555683,0.021343251555683,0.021343251555683,0.021343251555683,60.0,-3.921875,19.0
0.3.0d,high,flames,typical,4,30,120,8,160,0,0.021311065016809,0.021311065016809,0.021311065016809,0.021311065016809,60.0,-3.921875,19.0
0.3.0d,high,flames,typical,5,30,120,8,160,0,0.021314641298906,0.021314641298906,0.021314641298906,0.021314641298906,60.0,-3.921875,19.0
0.3.0d,high,flames,saturated,1,30,120,160,160,0,0.057560260353337,0.057560260353337,0.057560260353337,0.057560260353337,60.0,-3.921875,19.0
0.3.0d,high,flames,saturated,2,30,120,160,160,0,0.057621057148988,0.057621057148988,0.057621057148988,0.057621057148988,60.0,-3.921875,19.0
0.3.0d,high,flames,saturated,3,30,120,160,160,0,0.05789285458837,0.05789285458837,0.05789285458837,0.05789285458837,60.0,-3.921875,19.0
0.3.0d,high,flames,saturated,4,30,120,160,160,0,0.057624633431085,0.057624633431085,0.057624633431085,0.057624633431085,60.0,-3.921875,19.0
0.3.0d,high,flames,saturated,5,30,120,160,160,0,0.05789285458837,0.05789285458837,0.05789285458837,0.05789285458837,60.0,-3.921875,19.0
0.3.0d,high,electricity,typical,1,30,120,19,224,0,0.023474715685573,0.023474715685573,0.023474715685573,0.023474715685573,60.0,-14.90625,19.0
0.3.0d,high,electricity,typical,2,30,120,21,224,0,0.023735784278664,0.023735784278664,0.023735784278664,0.023735784278664,60.0,-3.875,19.0
0.3.0d,high,electricity,typical,3,30,120,18,224,0,0.023238681067163,0.023238681067163,0.023238681067163,0.023238681067163,60.0,-3.875,19.0
0.3.0d,high,electricity,typical,4,30,120,20,224,0,0.023793004792218,0.023793004792218,0.023793004792218,0.023793004792218,60.0,-3.875,19.0
0.3.0d,high,electricity,typical,5,30,120,19,224,0,0.023281596452328,0.023281596452328,0.023281596452328,0.023281596452328,60.0,-3.875,19.0
0.3.0d,high,electricity,saturated,1,30,120,224,224,0,0.06716973034833,0.06716973034833,0.06716973034833,0.06716973034833,60.0,-2.5,19.0
0.3.0d,high,electricity,saturated,2,30,120,224,224,0,0.067241255990273,0.067241255990273,0.067241255990273,0.067241255990273,60.0,-2.5,19.0
0.3.0d,high,electricity,saturated,3,30,120,224,224,0,0.067863529075174,0.067863529075173,0.067863529075173,0.067863529075173,60.0,-2.5,19.0
0.3.0d,high,electricity,saturated,4,30,120,224,224,0,0.067831342536299,0.067831342536299,0.067831342536299,0.067831342536299,60.0,-2.5,19.0
0.3.0d,high,electricity,saturated,5,30,120,224,224,0,0.067609613046277,0.067609613046277,0.067609613046277,0.067609613046277,60.0,-2.5,19.0
